#
# There is insufficient memory for the Java Runtime Environment to continue.
# Native memory allocation (mmap) failed to map 65536 bytes. Error detail: Failed to commit metaspace.
# Possible reasons:
#   The system is out of physical RAM or swap space
#   This process is running with CompressedOops enabled, and the Java Heap may be blocking the growth of the native heap
# Possible solutions:
#   Reduce memory load on the system
#   Increase physical memory or swap space
#   Check if swap backing store is full
#   Decrease Java heap size (-Xmx/-Xms)
#   Decrease number of Java threads
#   Decrease Java thread stack sizes (-Xss)
#   Set larger code cache with -XX:ReservedCodeCacheSize=
#   JVM is running with Unscaled Compressed Oops mode in which the Java heap is
#     placed in the first 4GB address space. The Java Heap base address is the
#     maximum limit for the native heap growth. Please use -XX:HeapBaseMinAddress
#     to set the Java Heap base and to place the Java Heap above 4GB virtual address.
# This output file may be truncated or incomplete.
#
#  Out of Memory Error (virtualSpaceNode.cpp:113), pid=4580, tid=13400
#
# JRE version: OpenJDK Runtime Environment Zulu25.36+15-CA (25.0.4+7) (build 25.0.4+7-LTS)
# Java VM: OpenJDK 64-Bit Server VM Zulu25.36+15-CA (25.0.4+7-LTS, mixed mode, sharing, tiered, compressed oops, compressed class ptrs, g1 gc, windows-amd64)
# No core dump will be written. Minidumps are not enabled by default on client versions of Windows
#

---------------  S U M M A R Y ------------

Command Line: -Dfile.encoding=UTF-8 -Dstdout.encoding=UTF-8 -Dstderr.encoding=UTF-8 -XX:+ShowCodeDetailsInExceptionMessages ifrn.pi.eventos.EventosApplication

Host: Intel(R) Core(TM) i3-8130U CPU @ 2.20GHz, 4 cores, 7G,  Windows 10 , 64 bit Build 19041 (10.0.19041.7663)
Time: Mon Sep  7 17:51:50 2026 Hora oficial do Brasil elapsed time: 889.029260 seconds (0d 0h 14m 49s)

---------------  T H R E A D  ---------------

Current thread (0x00000260bca7eca0):  JavaThread "http-nio-8080-exec-3" daemon [_thread_in_vm, id=13400, stack(0x000000a2e1f00000,0x000000a2e2000000) (1024K)]

Stack: [0x000000a2e1f00000,0x000000a2e2000000]
Native frames: (J=compiled Java code, j=interpreted, Vv=VM code, C=native code)
V  [jvm.dll+0x7b8c49]  (no source info available)
V  [jvm.dll+0x7827ed]  (no source info available)
V  [jvm.dll+0xa06d9d]  (no source info available)
V  [jvm.dll+0xa09214]  (no source info available)
V  [jvm.dll+0xa09913]  (no source info available)
V  [jvm.dll+0x30a356]  (no source info available)
V  [jvm.dll+0xa03c9e]  (no source info available)
V  [jvm.dll+0x74d7f5]  (no source info available)
V  [jvm.dll+0x264c8c]  (no source info available)
V  [jvm.dll+0x264a5e]  (no source info available)
V  [jvm.dll+0x75034a]  (no source info available)
V  [jvm.dll+0x74ff07]  (no source info available)
V  [jvm.dll+0x2a7aec]  (no source info available)
V  [jvm.dll+0x74e21e]  (no source info available)
V  [jvm.dll+0x2ef551]  (no source info available)
V  [jvm.dll+0x2973b7]  (no source info available)
V  [jvm.dll+0x28d096]  (no source info available)
V  [jvm.dll+0x6791d6]  (no source info available)
V  [jvm.dll+0x9771a6]  (no source info available)
V  [jvm.dll+0x529e00]  (no source info available)
V  [jvm.dll+0x52fd18]  (no source info available)
C  [java.dll+0x17c2]  (no source info available)

Java frames: (J=compiled Java code, j=interpreted, Vv=VM code)
J 580  java.lang.ClassLoader.defineClass1(Ljava/lang/ClassLoader;Ljava/lang/String;[BIILjava/security/ProtectionDomain;Ljava/lang/String;)Ljava/lang/Class; java.base@25.0.4 (0 bytes) @ 0x00000260aac26541 [0x00000260aac26480+0x00000000000000c1]
J 5164 c2 java.security.SecureClassLoader.defineClass(Ljava/lang/String;[BIILjava/security/CodeSource;)Ljava/lang/Class; java.base@25.0.4 (16 bytes) @ 0x00000260aae50788 [0x00000260aae50600+0x0000000000000188]
J 907 c1 jdk.internal.loader.BuiltinClassLoader.defineClass(Ljava/lang/String;Ljdk/internal/loader/Resource;)Ljava/lang/Class; java.base@25.0.4 (121 bytes) @ 0x00000260a32595fc [0x00000260a3258300+0x00000000000012fc]
J 5694 c1 jdk.internal.loader.BuiltinClassLoader.findClassOnClassPathOrNull(Ljava/lang/String;)Ljava/lang/Class; java.base@25.0.4 (38 bytes) @ 0x00000260a395f45c [0x00000260a395e500+0x0000000000000f5c]
J 3253 c2 jdk.internal.loader.BuiltinClassLoader.loadClassOrNull(Ljava/lang/String;Z)Ljava/lang/Class; java.base@25.0.4 (143 bytes) @ 0x00000260aad137dc [0x00000260aad134a0+0x000000000000033c]
J 4861 c2 jdk.internal.loader.BuiltinClassLoader.loadClass(Ljava/lang/String;Z)Ljava/lang/Class; java.base@25.0.4 (22 bytes) @ 0x00000260aac520c4 [0x00000260aac52080+0x0000000000000044]
J 4662 c2 java.lang.ClassLoader.loadClass(Ljava/lang/String;)Ljava/lang/Class; java.base@25.0.4 (7 bytes) @ 0x00000260aae0ab3c [0x00000260aae0ab00+0x000000000000003c]
v  ~StubRoutines::call_stub 0x00000260aa6612ed
J 2609  java.lang.Class.getDeclaredMethods0(Z)[Ljava/lang/reflect/Method; java.base@25.0.4 (0 bytes) @ 0x00000260aacd66c3 [0x00000260aacd6680+0x0000000000000043]
J 4810 c2 java.lang.Class.privateGetDeclaredMethods(Z)[Ljava/lang/reflect/Method; java.base@25.0.4 (56 bytes) @ 0x00000260aac27a84 [0x00000260aac27980+0x0000000000000104]
J 3836 c1 java.lang.Class.privateGetPublicMethods()[Ljava/lang/reflect/Method; java.base@25.0.4 (216 bytes) @ 0x00000260a3759254 [0x00000260a3758f00+0x0000000000000354]
J 3969 c1 java.lang.Class.getMethods()[Ljava/lang/reflect/Method; java.base@25.0.4 (8 bytes) @ 0x00000260a37b6afc [0x00000260a37b6a80+0x000000000000007c]
j  org.hibernate.service.internal.AbstractServiceRegistryImpl.applyInjections(Lorg/hibernate/service/Service;)V+6
j  org.hibernate.service.internal.AbstractServiceRegistryImpl.injectDependencies(Lorg/hibernate/service/spi/ServiceBinding;)V+7
j  org.hibernate.service.internal.AbstractServiceRegistryImpl.initializeService(Lorg/hibernate/service/spi/ServiceBinding;)Lorg/hibernate/service/Service;+43
J 7285 c1 org.hibernate.service.internal.AbstractServiceRegistryImpl.getService(Ljava/lang/Class;)Lorg/hibernate/service/Service; (143 bytes) @ 0x00000260a3a8bbe4 [0x00000260a3a8b100+0x0000000000000ae4]
j  org.hibernate.service.internal.SessionFactoryServiceRegistryImpl.getService(Ljava/lang/Class;)Lorg/hibernate/service/Service;+32
j  org.hibernate.service.ServiceRegistry.requireService(Ljava/lang/Class;)Lorg/hibernate/service/Service;+2
j  org.hibernate.internal.SessionFactoryImpl.getStatistics()Lorg/hibernate/stat/spi/StatisticsImplementor;+15
j  org.hibernate.internal.AbstractSharedSessionContract.createJdbcSessionContext(Lorg/hibernate/resource/jdbc/spi/StatementInspector;)Lorg/hibernate/internal/JdbcSessionContextImpl;+32
j  org.hibernate.internal.AbstractSharedSessionContract.<init>(Lorg/hibernate/internal/SessionFactoryImpl;Lorg/hibernate/engine/creation/internal/SessionCreationOptions;)V+358
j  org.hibernate.internal.SessionImpl.<init>(Lorg/hibernate/internal/SessionFactoryImpl;Lorg/hibernate/engine/creation/internal/SessionCreationOptions;)V+3
j  org.hibernate.internal.SessionFactoryImpl$1.createSession()Lorg/hibernate/engine/spi/SessionImplementor;+9
j  org.hibernate.engine.creation.internal.SessionBuilderImpl.openSession()Lorg/hibernate/engine/spi/SessionImplementor;+13
j  org.hibernate.internal.SessionFactoryImpl.buildEntityManager(Ljakarta/persistence/SynchronizationType;Ljava/util/Map;)Lorg/hibernate/Session;+78
j  org.hibernate.internal.SessionFactoryImpl.createEntityManager()Lorg/hibernate/Session;+9
J 5523 c1 java.lang.invoke.LambdaForm$DMH+0x0000000034059000.invokeInterface(Ljava/lang/Object;Ljava/lang/Object;)Ljava/lang/Object; java.base@25.0.4 (25 bytes) @ 0x00000260a3916534 [0x00000260a3915f80+0x00000000000005b4]
J 2729 c1 java.lang.invoke.LambdaForm$MH+0x0000000034058c00.invoke(Ljava/lang/Object;Ljava/lang/Object;)Ljava/lang/Object; java.base@25.0.4 (35 bytes) @ 0x00000260a35619dc [0x00000260a3561400+0x00000000000005dc]
J 4832 c1 jdk.internal.reflect.DirectMethodHandleAccessor.invoke(Ljava/lang/Object;[Ljava/lang/Object;)Ljava/lang/Object; java.base@25.0.4 (92 bytes) @ 0x00000260a318e0b4 [0x00000260a318c600+0x0000000000001ab4]
J 4848 c1 java.lang.reflect.Method.invoke(Ljava/lang/Object;[Ljava/lang/Object;)Ljava/lang/Object; java.base@25.0.4 (108 bytes) @ 0x00000260a34b8d64 [0x00000260a34b8780+0x00000000000005e4]
j  org.springframework.orm.jpa.AbstractEntityManagerFactoryBean.invokeProxyMethod(Ljava/lang/reflect/Method;[Ljava/lang/Object;)Ljava/lang/Object;+158
j  org.springframework.orm.jpa.AbstractEntityManagerFactoryBean$ManagedEntityManagerFactoryInvocationHandler.invoke(Ljava/lang/Object;Ljava/lang/reflect/Method;[Ljava/lang/Object;)Ljava/lang/Object;+221
j  jdk.proxy5.$Proxy121.createEntityManager()Ljakarta/persistence/EntityManager;+9 jdk.proxy5
j  org.springframework.orm.jpa.EntityManagerFactoryUtils.createEntityManager(Ljakarta/persistence/EntityManagerFactory;Ljava/util/Map;)Ljakarta/persistence/EntityManager;+20
j  org.springframework.orm.jpa.EntityManagerFactoryAccessor.createEntityManager()Ljakarta/persistence/EntityManager;+12
j  org.springframework.orm.jpa.support.OpenEntityManagerInViewInterceptor.preHandle(Lorg/springframework/web/context/request/WebRequest;)V+103
j  org.springframework.web.servlet.handler.WebRequestHandlerInterceptorAdapter.preHandle(Ljakarta/servlet/http/HttpServletRequest;Ljakarta/servlet/http/HttpServletResponse;Ljava/lang/Object;)Z+13
j  org.springframework.web.servlet.HandlerExecutionChain.applyPreHandle(Ljakarta/servlet/http/HttpServletRequest;Ljakarta/servlet/http/HttpServletResponse;)Z+38
j  org.springframework.web.servlet.DispatcherServlet.doDispatch(Ljakarta/servlet/http/HttpServletRequest;Ljakarta/servlet/http/HttpServletResponse;)V+109
j  org.springframework.web.servlet.DispatcherServlet.doService(Ljakarta/servlet/http/HttpServletRequest;Ljakarta/servlet/http/HttpServletResponse;)V+216
j  org.springframework.web.servlet.FrameworkServlet.processRequest(Ljakarta/servlet/http/HttpServletRequest;Ljakarta/servlet/http/HttpServletResponse;)V+70
j  org.springframework.web.servlet.FrameworkServlet.doGet(Ljakarta/servlet/http/HttpServletRequest;Ljakarta/servlet/http/HttpServletResponse;)V+3
j  jakarta.servlet.http.HttpServlet.service(Ljakarta/servlet/http/HttpServletRequest;Ljakarta/servlet/http/HttpServletResponse;)V+287
j  org.springframework.web.servlet.FrameworkServlet.service(Ljakarta/servlet/http/HttpServletRequest;Ljakarta/servlet/http/HttpServletResponse;)V+20
j  jakarta.servlet.http.HttpServlet.service(Ljakarta/servlet/ServletRequest;Ljakarta/servlet/ServletResponse;)V+37
j  org.apache.catalina.core.ApplicationFilterChain.doFilter(Ljakarta/servlet/ServletRequest;Ljakarta/servlet/ServletResponse;)V+162
j  org.apache.tomcat.websocket.server.WsFilter.doFilter(Ljakarta/servlet/ServletRequest;Ljakarta/servlet/ServletResponse;Ljakarta/servlet/FilterChain;)V+21
j  org.apache.catalina.core.ApplicationFilterChain.doFilter(Ljakarta/servlet/ServletRequest;Ljakarta/servlet/ServletResponse;)V+69
j  org.springframework.web.filter.RequestContextFilter.doFilterInternal(Ljakarta/servlet/http/HttpServletRequest;Ljakarta/servlet/http/HttpServletResponse;Ljakarta/servlet/FilterChain;)V+21
j  org.springframework.web.filter.OncePerRequestFilter.doFilter(Ljakarta/servlet/ServletRequest;Ljakarta/servlet/ServletResponse;Ljakarta/servlet/FilterChain;)V+150
j  org.apache.catalina.core.ApplicationFilterChain.doFilter(Ljakarta/servlet/ServletRequest;Ljakarta/servlet/ServletResponse;)V+69
j  org.springframework.web.filter.FormContentFilter.doFilterInternal(Ljakarta/servlet/http/HttpServletRequest;Ljakarta/servlet/http/HttpServletResponse;Ljakarta/servlet/FilterChain;)V+38
j  org.springframework.web.filter.OncePerRequestFilter.doFilter(Ljakarta/servlet/ServletRequest;Ljakarta/servlet/ServletResponse;Ljakarta/servlet/FilterChain;)V+150
j  org.apache.catalina.core.ApplicationFilterChain.doFilter(Ljakarta/servlet/ServletRequest;Ljakarta/servlet/ServletResponse;)V+69
j  org.springframework.web.filter.CharacterEncodingFilter.doFilterInternal(Ljakarta/servlet/http/HttpServletRequest;Ljakarta/servlet/http/HttpServletResponse;Ljakarta/servlet/FilterChain;)V+53
j  org.springframework.web.filter.OncePerRequestFilter.doFilter(Ljakarta/servlet/ServletRequest;Ljakarta/servlet/ServletResponse;Ljakarta/servlet/FilterChain;)V+150
j  org.apache.catalina.core.ApplicationFilterChain.doFilter(Ljakarta/servlet/ServletRequest;Ljakarta/servlet/ServletResponse;)V+69
j  org.apache.catalina.core.StandardWrapperValve.invoke(Lorg/apache/catalina/connector/Request;Lorg/apache/catalina/connector/Response;)V+510
j  org.apache.catalina.core.StandardContextValve.invoke(Lorg/apache/catalina/connector/Request;Lorg/apache/catalina/connector/Response;)V+124
j  org.apache.catalina.authenticator.AuthenticatorBase.invoke(Lorg/apache/catalina/connector/Request;Lorg/apache/catalina/connector/Response;)V+221
j  org.apache.catalina.core.StandardHostValve.invoke(Lorg/apache/catalina/connector/Request;Lorg/apache/catalina/connector/Response;)V+125
j  org.apache.catalina.valves.ErrorReportValve.invoke(Lorg/apache/catalina/connector/Request;Lorg/apache/catalina/connector/Response;)V+6
j  org.apache.catalina.core.StandardEngineValve.invoke(Lorg/apache/catalina/connector/Request;Lorg/apache/catalina/connector/Response;)V+59
j  org.apache.catalina.connector.CoyoteAdapter.service(Lorg/apache/coyote/Request;Lorg/apache/coyote/Response;)V+179
j  org.apache.coyote.http11.Http11Processor.service(Lorg/apache/tomcat/util/net/SocketWrapperBase;)Lorg/apache/tomcat/util/net/AbstractEndpoint$Handler$SocketState;+796
j  org.apache.coyote.AbstractProcessorLight.process(Lorg/apache/tomcat/util/net/SocketWrapperBase;Lorg/apache/tomcat/util/net/SocketEvent;)Lorg/apache/tomcat/util/net/AbstractEndpoint$Handler$SocketState;+155
j  org.apache.coyote.AbstractProtocol$ConnectionHandler.process(Lorg/apache/tomcat/util/net/SocketWrapperBase;Lorg/apache/tomcat/util/net/SocketEvent;)Lorg/apache/tomcat/util/net/AbstractEndpoint$Handler$SocketState;+477
j  org.apache.tomcat.util.net.NioEndpoint$SocketProcessor.doRun()V+222
j  org.apache.tomcat.util.net.SocketProcessorBase.run()V+32
j  org.apache.tomcat.util.threads.ThreadPoolExecutor.runWorker(Lorg/apache/tomcat/util/threads/ThreadPoolExecutor$Worker;)V+92
j  org.apache.tomcat.util.threads.ThreadPoolExecutor$Worker.run()V+5
j  org.apache.tomcat.util.threads.TaskThread$WrappingRunnable.run()V+4
j  java.lang.Thread.runWith(Ljava/lang/Object;Ljava/lang/Runnable;)V+5 java.base@25.0.4
j  java.lang.Thread.run()V+19 java.base@25.0.4
v  ~StubRoutines::call_stub 0x00000260aa6612ed
Lock stack of current Java thread (top to bottom):
LockStack[1]: java.lang.Object 
{0x000000008811a4e8} - klass: 'java/lang/Object' - flags: 

 - ---- fields (total size 2 words):
LockStack[0]: org.hibernate.service.internal.SessionFactoryServiceRegistryImpl 
{0x0000000083403a78} - klass: 'org/hibernate/service/internal/SessionFactoryServiceRegistryImpl' - flags: 

 - ---- fields (total size 7 words):
 - private final 'allowCrawling' 'Z' @12  true (0x01)
 - private final 'autoCloseRegistry' 'Z' @13  true (0x01)
 - private volatile 'parent' 'Lorg/hibernate/service/spi/ServiceRegistryImplementor;' @16  a 'org/hibernate/boot/registry/internal/StandardServiceRegistryImpl'{0x000000008338edd0} (0x8338edd0)
 - private final 'serviceBindingMap' 'Ljava/util/concurrent/ConcurrentMap;' @20  a 'java/util/concurrent/ConcurrentHashMap'{0x0000000083403ab0} (0x83403ab0)
 - private final 'roleXref' 'Ljava/util/concurrent/ConcurrentMap;' @24  a 'java/util/concurrent/ConcurrentHashMap'{0x0000000083403c58} (0x83403c58)
 - private final 'initializedServiceByRole' 'Ljava/util/concurrent/ConcurrentMap;' @28  a 'java/util/concurrent/ConcurrentHashMap'{0x0000000083403c98} (0x83403c98)
 - private final 'serviceBindingList' 'Ljava/util/List;' @32  a 'java/util/ArrayList'{0x0000000083403dd8} (0x83403dd8)
 - private 'childRegistries' 'Ljava/util/Set;' @36  null (0x00000000)
 - private final 'active' 'Ljava/util/concurrent/atomic/AtomicBoolean;' @40  a 'java/util/concurrent/atomic/AtomicBoolean'{0x0000000083403e58} (0x83403e58)
 - private final 'sessionFactoryOptions' 'Lorg/hibernate/boot/spi/SessionFactoryOptions;' @44  a 'org/hibernate/boot/internal/SessionFactoryOptionsBuilder'{0x0000000083403e68} (0x83403e68)
 - private final 'sessionFactory' 'Lorg/hibernate/engine/spi/SessionFactoryImplementor;' @48  a 'org/hibernate/internal/SessionFactoryImpl'{0x000000008338ea70} (0x8338ea70)


Compiled method (n/a) 889091  580     n 0       java.lang.ClassLoader::defineClass1 (native)
 total in heap  [0x00000260aac26388,0x00000260aac267a8] = 1056
 main code      [0x00000260aac26480,0x00000260aac267a8] = 808
 mutable data [0x00000260bb9d7030,0x00000260bb9d7050] = 32
 relocation     [0x00000260bb9d7030,0x00000260bb9d7050] = 32

[Constant Pool (empty)]

[MachCode]
[Entry Point]
  # {method} {0x00000000334a25e8} 'defineClass1' '(Ljava/lang/ClassLoader;Ljava/lang/String;[BIILjava/security/ProtectionDomain;Ljava/lang/String;)Ljava/lang/Class;' in 'java/lang/ClassLoader'
  # parm0:    rdx:rdx   = 'java/lang/ClassLoader'
  # parm1:    r8:r8     = 'java/lang/String'
  # parm2:    r9:r9     = '[B'
  # parm3:    rdi       = int
  # parm4:    rsi       = int
  # parm5:    rcx:rcx   = 'java/security/ProtectionDomain'
  # parm6:    [sp+0xa0]   = 'java/lang/String'  (sp of caller)
  0x00000260aac26480: 6690 448b | 5208 443b 

  0x00000260aac26488: ;   {runtime_call Shared Runtime ic_miss_blob}
  0x00000260aac26488: 5008 0f85 | 5086 a8ff 
[Verified Entry Point]
  0x00000260aac26490: 8984 2400 | 80ff ff55 | 488b ec48 | 81ec 9000 | 0000 6690 | 4181 7f20 | 0c00 0000 

  0x00000260aac264ac: ;   {runtime_call Stub::method_entry_barrier}
  0x00000260aac264ac: 7405 e84d | dda6 ff48 | 837d 1000 | 488d 4510 | 480f 4445 | 1048 8944 | 2440 4889 | 4c24 7048 
  0x00000260aac264cc: 83f9 0048 | 8d44 2470 | 480f 4444 | 2470 4889 | 4424 3848 | 8974 2430 | 4889 7c24 | 284c 894c 
  0x00000260aac264ec: 2458 4983 | f900 488d | 4424 5848 | 0f44 4424 | 5848 8944 | 2420 4c89 | 4424 5049 | 83f8 004c 
  0x00000260aac2650c: 8d4c 2450 | 4c0f 444c | 2450 4889 | 5424 4848 | 83fa 004c | 8d44 2448 | 4c0f 4444 

  0x00000260aac26528: ;   {oop(a 'java/lang/Class'{0x00000000ffe814c0} = 'java/lang/ClassLoader')}
  0x00000260aac26528: 2448 49be | c014 e8ff | 0000 0000 | 4c89 7424 | 784c 8d74 | 2478 498b | d6c5 f877 

  0x00000260aac26544: ;   {internal_word}
  0x00000260aac26544: 49ba 4165 | c2aa 6002 | 0000 4d89 | 9730 0400 | 0049 89a7 | 2804 0000 | 498d 8f48 | 0400 0041 
  0x00000260aac26564: c787 d404 | 0000 0400 

  0x00000260aac2656c: ;   {runtime_call}
  0x00000260aac2656c: 0000 48b8 | 8016 3c80 | fe7f 0000 | ffd0 c5f8 | 7741 c787 | d404 0000 | 0500 0000 | f083 4424 
  0x00000260aac2658c: c000 493b | 6f28 0f87 | 0e00 0000 | 4183 bfd0 | 0400 0000 | 0f84 2b00 | 0000 c5f8 | 7748 8945 
  0x00000260aac265ac: f849 8bcf | 4c8b e448 | 83ec 2048 

  0x00000260aac265b8: ;   {runtime_call}
  0x00000260aac265b8: 83e4 f048 | b8b0 a08a | f6fd 7f00 | 00ff d049 | 8be4 4d33 | e448 8b45 | f841 c787 | d404 0000 
  0x00000260aac265d8: 0800 0000 | 4183 bf50 | 0500 0002 | 0f84 9101 | 0000 49c7 | 8728 0400 | 0000 0000 | 0049 c787 
  0x00000260aac265f8: 3004 0000 | 0000 0000 | c5f8 7748 | 85c0 0f84 | 2f01 0000 | a803 0f85 | 0800 0000 | 488b 00e9 
  0x00000260aac26618: 1f01 0000 | a801 0f85 | 0900 0000 | 488b 40fe | e90e 0100 | 0048 8b40 | ff41 807f | 4800 0f84 
  0x00000260aac26638: ff00 0000 | 4883 f800 | 0f84 f500 | 0000 498b | 4f38 4885 | c90f 8414 | 0000 0048 | 83e9 0849 
  0x00000260aac26658: 894f 3849 | 034f 4048 | 8901 e9d4 | 0000 0048 | 83ec 7048 | 8904 2448 | 894c 2408 | 4889 5424 
  0x00000260aac26678: 104c 8944 | 2418 4c89 | 4c24 204c | 8954 2428 | 4c89 5c24 | 30c5 fb11 | 4424 40c5 | fb11 4c24 
  0x00000260aac26698: 48c5 fb11 | 5424 50c5 | fb11 5c24 | 58c5 fb11 | 6424 60c5 | fb11 6c24 | 6849 8bd7 | 488b c848 
  0x00000260aac266b8: ;   {other}
  0x00000260aac266b8: 83ec 2040 | f6c4 0f0f | 8419 0000 | 0048 83ec 

  0x00000260aac266c8: ;   {runtime_call}
  0x00000260aac266c8: 0848 b820 | 3e7d f6fd | 7f00 00ff | d048 83c4 | 08e9 0c00 

  0x00000260aac266dc: ;   {runtime_call}
  0x00000260aac266dc: 0000 48b8 | 203e 7df6 | fd7f 0000 | ffd0 4883 | c420 c5fb | 106c 2468 | c5fb 1064 | 2460 c5fb 
  0x00000260aac266fc: 105c 2458 | c5fb 1054 | 2450 c5fb | 104c 2448 | c5fb 1044 | 2440 4c8b | 5c24 304c | 8b54 2428 
  0x00000260aac2671c: 4c8b 4c24 | 204c 8b44 | 2418 488b | 5424 1048 | 8b4c 2408 | 488b 0424 | 4883 c470 | c5f8 7749 
  0x00000260aac2673c: 8b8f b804 | 0000 c781 | 0001 0000 | 0000 0000 

  0x00000260aac2674c: ;   {poll_return}
  0x00000260aac2674c: c941 f647 | 2801 7416 

  0x00000260aac26754: ;   {internal_word}
  0x00000260aac26754: 49ba 4d67 | c2aa 6002 | 0000 4d89 | 97e0 0400 

  0x00000260aac26764: ;   {runtime_call SafepointBlob}
  0x00000260aac26764: 00e9 f6a7 | a8ff 4983 | 7f08 000f | 8501 0000 

  0x00000260aac26774: ;   {runtime_call Stub::forward_exception}
  0x00000260aac26774: 00c3 e965 | aaa3 ffc5 | f877 4889 | 45f8 4c8b | e448 83ec | 2048 83e4 

  0x00000260aac2678c: ;   {runtime_call}
  0x00000260aac2678c: f048 b8c0 | 1cc4 f6fd | 7f00 00ff | d049 8be4 | 4d33 e448 | 8b45 f8e9 | 42fe ffff 
[/MachCode]


Compiled method (c2) 889107 5164       4       java.security.SecureClassLoader::defineClass (16 bytes)
 total in heap  [0x00000260aae50508,0x00000260aae509f0] = 1256
 main code      [0x00000260aae50600,0x00000260aae50990] = 912
 stub code      [0x00000260aae50990,0x00000260aae509f0] = 96
 mutable data [0x00000260bc92f320,0x00000260bc92f470] = 336
 relocation     [0x00000260bc92f320,0x00000260bc92f3c0] = 160
 metadata       [0x00000260bc92f3c0,0x00000260bc92f470] = 176
 immutable data [0x00000260bd4a76d0,0x00000260bd4a7ae0] = 1040
 dependencies   [0x00000260bd4a76d0,0x00000260bd4a7700] = 48
 nul chk table  [0x00000260bd4a7700,0x00000260bd4a7730] = 48
 handler table  [0x00000260bd4a7730,0x00000260bd4a77d8] = 168
 scopes pcs     [0x00000260bd4a77d8,0x00000260bd4a78f8] = 288
 scopes data    [0x00000260bd4a78f8,0x00000260bd4a7ae0] = 488

[Constant Pool (empty)]

[MachCode]
[Instructions begin]
  0x00000260aae50600: 6690 448b | 5208 443b 

  0x00000260aae50608: ;   {runtime_call Shared Runtime ic_miss_blob}
  0x00000260aae50608: 5008 0f85 | d0e4 85ff 
[Verified Entry Point]
  0x00000260aae50610: 8984 2400 | 80ff ff55 | 4883 ec50 | 4181 7f20 | 0c00 0000 | 0f85 5803 | 0000 8974 | 2424 897c 
  0x00000260aae50630: 2420 4c89 | 4c24 184c | 8944 2410 | 4889 5424 | 0848 8be9 | 4885 c90f | 84ef 0100 | 004d 8b87 
  0x00000260aae50650: c801 0000 | 4d8b d049 | 83c2 100f | 1f44 0000 | 4d3b 97d8 | 0100 000f | 8380 0100 | 004d 8997 
  0x00000260aae50670: c801 0000 | 410f 0d8a | c000 0000 | 49c7 0001 

  0x00000260aae50680: ;   {metadata('java/security/SecureClassLoader$CodeSourceKey')}
  0x00000260aae50680: 0000 0041 | c740 0858 | 8c25 004c | 8bd5 4589 | 500c 4d8b | 8fc8 0100 | 004c 8b54 | 2408 418b 
  0x00000260aae506a0: 6a50 4d8b | d149 83c2 | 104d 3b97 | d801 0000 | 0f83 0d01 | 0000 4d89 | 97c8 0100 | 0041 0f0d 
  0x00000260aae506c0: 8ac0 0000 | 0049 c701 | 0100 0000 

  0x00000260aae506cc: ;   {metadata('java/security/SecureClassLoader$1')}
  0x00000260aae506cc: 41c7 4108 | 7090 2500 | 4c8b 5424 | 0845 8951 | 0c66 6690 

  0x00000260aae506e0: ; implicit exception: dispatches to 0x00000260aae50894
  0x00000260aae506e0: 448b 5508 

  0x00000260aae506e4: ;   {metadata('java/util/concurrent/ConcurrentHashMap')}
  0x00000260aae506e4: 4181 fa20 | 351d 000f | 852f 0100 | 0048 8bd5 

  0x00000260aae506f4: ;   {optimized virtual_call}
  0x00000260aae506f4: 6666 90e8 

  0x00000260aae506f8: ; ImmutableOopMap {[8]=Oop [16]=Oop [24]=Oop }
                      ;*invokeinterface computeIfAbsent {reexecute=0 rethrow=0 return_oop=1}
                      ; - java.security.SecureClassLoader::getProtectionDomain@28 (line 209)
                      ; - java.security.SecureClassLoader::defineClass@9 (line 144)
  0x00000260aae506f8: 24c0 39f8 

  0x00000260aae506fc: ;   {post_call_nop}
  0x00000260aae506fc: 0f1f 8400 | f401 0000 

  0x00000260aae50704: ; implicit exception: dispatches to 0x00000260aae508b0
  0x00000260aae50704: 448b 5808 

  0x00000260aae50708: ;   {metadata('java/security/ProtectionDomain')}
  0x00000260aae50708: 4181 fb68 | 9b1c 000f | 853b 0100 | 004c 8bc8 | 488b 5424 | 084c 8b44 

  0x00000260aae50720: ;   {optimized virtual_call}
  0x00000260aae50720: 2410 90e8 

  0x00000260aae50724: ; ImmutableOopMap {[8]=Oop [16]=Oop [24]=Oop }
                      ;*invokevirtual preDefineClass {reexecute=0 rethrow=0 return_oop=1}
                      ; - java.lang.ClassLoader::defineClass@4 (line 960)
                      ; - java.security.SecureClassLoader::defineClass@12 (line 144)
  0x00000260aae50724: 68ba ffff 

  0x00000260aae50728: ;   {post_call_nop}
  0x00000260aae50728: 0f1f 8400 | 2002 0001 | 4889 4424 | 2844 8b58 | 1041 8b6b | 0c66 6690 

  0x00000260aae50740: ; implicit exception: dispatches to 0x00000260aae5093c
  0x00000260aae50740: 448b 5d38 | 4585 db0f | 84bf 0000 | 0049 8bd3 

  0x00000260aae50750: ;   {optimized virtual_call}
  0x00000260aae50750: 4c8b c5e8 

  0x00000260aae50754: ; ImmutableOopMap {[8]=Oop [16]=Oop [24]=Oop [40]=Oop }
                      ;*invokevirtual toExternalForm {reexecute=0 rethrow=0 return_oop=1}
                      ; - java.net.URL::toExternalForm@5 (line 1153)
                      ; - java.net.URL::toString@1 (line 1139)
                      ; - java.lang.ClassLoader::defineClassSourceLocation@22 (line 864)
                      ; - java.lang.ClassLoader::defineClass@12 (line 961)
                      ; - java.security.SecureClassLoader::defineClass@12 (line 144)
  0x00000260aae50754: b8a0 e7ff 

  0x00000260aae50758: ;   {post_call_nop}
  0x00000260aae50758: 0f1f 8400 | 5002 0002 | 488b 5424 | 084c 8b44 | 2410 4c8b | 4c24 188b | 7c24 208b | 7424 2448 
  0x00000260aae50778: 8b4c 2428 | 4889 0424 

  0x00000260aae50780: ;   {static_call}
  0x00000260aae50780: 6666 90e8 

  0x00000260aae50784: ; ImmutableOopMap {[8]=Oop [40]=Oop }
                      ;*invokestatic defineClass1 {reexecute=0 rethrow=0 return_oop=1}
                      ; - java.lang.ClassLoader::defineClass@27 (line 962)
                      ; - java.security.SecureClassLoader::defineClass@12 (line 144)
  0x00000260aae50784: 085d ddff 

  0x00000260aae50788: ;   {post_call_nop}
  0x00000260aae50788: 0f1f 8400 | 8002 0003 | 488b e848 | 8b54 2408 | 4c8b c04c | 8b4c 2428 

  0x00000260aae507a0: ;   {optimized virtual_call}
  0x00000260aae507a0: 6666 90e8 

  0x00000260aae507a4: ; ImmutableOopMap {rbp=Oop }
                      ;*invokevirtual postDefineClass {reexecute=0 rethrow=0 return_oop=0}
                      ; - java.lang.ClassLoader::defineClass@37 (line 963)
                      ; - java.security.SecureClassLoader::defineClass@12 (line 144)
  0x00000260aae507a4: e8ca ffff 

  0x00000260aae507a8: ;   {post_call_nop}
  0x00000260aae507a8: 0f1f 8400 | a002 0004 | 488b c548 | 83c4 505d 

  0x00000260aae507b8: ;   {poll_return}
  0x00000260aae507b8: 493b 6728 | 0f87 aa01 

  0x00000260aae507c0: ;   {metadata('java/security/SecureClassLoader$1')}
  0x00000260aae507c0: 0000 c348 | ba70 9025 | 3300 0000 | 004c 8944 

  0x00000260aae507d0: ;   {runtime_call C2 Runtime new_instance}
  0x00000260aae507d0: 2438 90e8 

  0x00000260aae507d4: ; ImmutableOopMap {rbp=NarrowOop [8]=Oop [16]=Oop [24]=Oop [56]=Oop }
                      ;*new {reexecute=0 rethrow=0 return_oop=1}
                      ; - java.security.SecureClassLoader::getProtectionDomain@20 (line 209)
                      ; - java.security.SecureClassLoader::defineClass@9 (line 144)
  0x00000260aae507d4: 8885 89ff 

  0x00000260aae507d8: ;   {post_call_nop}
  0x00000260aae507d8: 0f1f 8400 | d002 0005 | 4c8b c84c | 8b44 2438 | e9e7 feff 

  0x00000260aae507ec: ;   {metadata('java/security/SecureClassLoader$CodeSourceKey')}
  0x00000260aae507ec: ff48 ba58 | 8c25 3300 

  0x00000260aae507f4: ;   {runtime_call C2 Runtime new_instance}
  0x00000260aae507f4: 0000 00e8 

  0x00000260aae507f8: ; ImmutableOopMap {rbp=Oop [8]=Oop [16]=Oop [24]=Oop }
                      ;*new {reexecute=0 rethrow=0 return_oop=1}
                      ; - java.security.SecureClassLoader::getProtectionDomain@6 (line 208)
                      ; - java.security.SecureClassLoader::defineClass@9 (line 144)
  0x00000260aae507f8: 6485 89ff 

  0x00000260aae507fc: ;   {post_call_nop}
  0x00000260aae507fc: 0f1f 8400 | f402 0006 | 4c8b c0e9 | 7ffe ffff | baf6 ffff 

  0x00000260aae50810: ;   {runtime_call UncommonTrapBlob}
  0x00000260aae50810: ff66 90e8 

  0x00000260aae50814: ; ImmutableOopMap {rbp=NarrowOop }
                      ;*invokevirtual toExternalForm {reexecute=0 rethrow=0 return_oop=0}
                      ; - java.net.URL::toExternalForm@5 (line 1153)
                      ; - java.net.URL::toString@1 (line 1139)
                      ; - java.lang.ClassLoader::defineClassSourceLocation@22 (line 864)
                      ; - java.lang.ClassLoader::defineClass@12 (line 961)
                      ; - java.security.SecureClassLoader::defineClass@12 (line 144)
  0x00000260aae50814: 4888 89ff 

  0x00000260aae50818: ;   {post_call_nop}
  0x00000260aae50818: 0f1f 8400 | 1003 0007 | bade ffff | ff4c 8944 | 2428 4c89 

  0x00000260aae5082c: ;   {runtime_call UncommonTrapBlob}
  0x00000260aae5082c: 4c24 30e8 

  0x00000260aae50830: ; ImmutableOopMap {rbp=NarrowOop [8]=Oop [16]=Oop [24]=Oop [40]=Oop [48]=Oop }
                      ;*invokeinterface computeIfAbsent {reexecute=0 rethrow=0 return_oop=0}
                      ; - java.security.SecureClassLoader::getProtectionDomain@28 (line 209)
                      ; - java.security.SecureClassLoader::defineClass@9 (line 144)
  0x00000260aae50830: 2c88 89ff 

  0x00000260aae50834: ;   {post_call_nop}
  0x00000260aae50834: 0f1f 8400 | 2c03 0008 | ba45 ffff 

  0x00000260aae50840: ;   {runtime_call UncommonTrapBlob}
  0x00000260aae50840: ff66 90e8 

  0x00000260aae50844: ; ImmutableOopMap {rbp=Oop [8]=Oop [16]=Oop [24]=Oop }
                      ;*ifnonnull {reexecute=1 rethrow=0 return_oop=0}
                      ; - (reexecute) java.security.SecureClassLoader::getProtectionDomain@1 (line 200)
                      ; - java.security.SecureClassLoader::defineClass@9 (line 144)
  0x00000260aae50844: 1888 89ff 

  0x00000260aae50848: ;   {post_call_nop}
  0x00000260aae50848: 0f1f 8400 | 4003 0009 | bade ffff | ff48 8b6c | 2408 4c8b | 5424 104c | 8954 2408 | 4c8b 5424 
  0x00000260aae50868: 184c 8954 | 2410 448b | 5424 2044 | 8954 2418 | 448b 5c24 | 2444 895c | 241c 4889 

  0x00000260aae50884: ;   {runtime_call UncommonTrapBlob}
  0x00000260aae50884: 4424 20e8 

  0x00000260aae50888: ; ImmutableOopMap {rbp=Oop [8]=Oop [16]=Oop [32]=Oop }
                      ;*checkcast {reexecute=0 rethrow=0 return_oop=0}
                      ; - java.security.SecureClassLoader::getProtectionDomain@33 (line 209)
                      ; - java.security.SecureClassLoader::defineClass@9 (line 144)
  0x00000260aae50888: d487 89ff 

  0x00000260aae5088c: ;   {post_call_nop}
  0x00000260aae5088c: 0f1f 8400 | 8403 000a | baf6 ffff | ff49 8be8 | 4c89 4c24 

  0x00000260aae508a0: ;   {runtime_call UncommonTrapBlob}
  0x00000260aae508a0: 0866 90e8 

  0x00000260aae508a4: ; ImmutableOopMap {rbp=Oop [8]=Oop }
                      ;*invokeinterface computeIfAbsent {reexecute=0 rethrow=0 return_oop=0}
                      ; - java.security.SecureClassLoader::getProtectionDomain@28 (line 209)
                      ; - java.security.SecureClassLoader::defineClass@9 (line 144)
  0x00000260aae508a4: b887 89ff 

  0x00000260aae508a8: ;   {post_call_nop}
  0x00000260aae508a8: 0f1f 8400 | a003 000b | baf4 ffff | ff48 8b6c | 2408 4c8b | 5424 104c | 8954 2408 | 4c8b 5424 
  0x00000260aae508c8: 184c 8954 

  0x00000260aae508cc: ;   {runtime_call UncommonTrapBlob}
  0x00000260aae508cc: 2410 90e8 

  0x00000260aae508d0: ; ImmutableOopMap {rbp=Oop [8]=Oop [16]=Oop }
                      ;*checkcast {reexecute=0 rethrow=0 return_oop=0}
                      ; - java.security.SecureClassLoader::getProtectionDomain@33 (line 209)
                      ; - java.security.SecureClassLoader::defineClass@9 (line 144)
  0x00000260aae508d0: 8c87 89ff 

  0x00000260aae508d4: ;   {post_call_nop}
  0x00000260aae508d4: 0f1f 8400 | cc03 000c | baf6 ffff 

  0x00000260aae508e0: ;   {runtime_call UncommonTrapBlob}
  0x00000260aae508e0: ff66 90e8 

  0x00000260aae508e4: ; ImmutableOopMap {}
                      ;*invokevirtual getCodeSource {reexecute=0 rethrow=0 return_oop=0}
                      ; - java.lang.ClassLoader::defineClassSourceLocation@1 (line 861)
                      ; - java.lang.ClassLoader::defineClass@12 (line 961)
                      ; - java.security.SecureClassLoader::defineClass@12 (line 144)
  0x00000260aae508e4: 7887 89ff 

  0x00000260aae508e8: ;   {post_call_nop}
  0x00000260aae508e8: 0f1f 8400 | e003 000d | ba45 ffff | ff48 8b6c | 2408 4c8b | 5424 104c | 8954 2408 | 4c8b 5424 
  0x00000260aae50908: 184c 8954 | 2410 448b | 5424 2044 | 8954 2418 | 448b 4424 | 2444 8944 | 241c 4889 | 4424 2044 
  0x00000260aae50928: 895c 242c 

  0x00000260aae5092c: ;   {runtime_call UncommonTrapBlob}
  0x00000260aae5092c: 6666 90e8 

  0x00000260aae50930: ; ImmutableOopMap {rbp=Oop [8]=Oop [16]=Oop [32]=Oop [44]=NarrowOop }
                      ;*ifnull {reexecute=1 rethrow=0 return_oop=0}
                      ; - (reexecute) java.lang.ClassLoader::defineClassSourceLocation@8 (line 863)
                      ; - java.lang.ClassLoader::defineClass@12 (line 961)
                      ; - java.security.SecureClassLoader::defineClass@12 (line 144)
  0x00000260aae50930: 2c87 89ff 

  0x00000260aae50934: ;   {post_call_nop}
  0x00000260aae50934: 0f1f 8400 | 2c04 000e | ba45 ffff 

  0x00000260aae50940: ;   {runtime_call UncommonTrapBlob}
  0x00000260aae50940: ff66 90e8 

  0x00000260aae50944: ; ImmutableOopMap {rbp=NarrowOop [8]=Oop [16]=Oop [24]=Oop [40]=Oop }
                      ;*ifnull {reexecute=1 rethrow=0 return_oop=0}
                      ; - (reexecute) java.lang.ClassLoader::defineClassSourceLocation@15 (line 863)
                      ; - java.lang.ClassLoader::defineClass@12 (line 961)
                      ; - java.security.SecureClassLoader::defineClass@12 (line 144)
  0x00000260aae50944: 1887 89ff 

  0x00000260aae50948: ;   {post_call_nop}
  0x00000260aae50948: 0f1f 8400 | 4004 000f | eb0d eb0b | eb04 eb02 | eb00 488b | d0eb 0348 | 8bd0 4883 

  0x00000260aae50964: ;   {runtime_call C2 Runtime rethrow}
  0x00000260aae50964: c450 5de9 | f4e6 89ff 

  0x00000260aae5096c: ;   {internal_word}
  0x00000260aae5096c: 49ba b807 | e5aa 6002 | 0000 4d89 | 97e0 0400 

  0x00000260aae5097c: ;   {runtime_call SafepointBlob}
  0x00000260aae5097c: 00e9 de05 

  0x00000260aae50980: ;   {runtime_call Stub::method_entry_barrier}
  0x00000260aae50980: 86ff e879 | 3884 ffe9 | 9efc ffff | f4f4 f4f4 
[Stub Code]
  0x00000260aae50990: ;   {static_stub}
  0x00000260aae50990: 48bb 6046 | 1d33 0000 

  0x00000260aae50998: ;   {runtime_call I2C/C2I adapters}
  0x00000260aae50998: 0000 e99b 

  0x00000260aae5099c: ;   {static_stub}
  0x00000260aae5099c: c985 ff48 | bb00 0000 | 0000 0000 

  0x00000260aae509a8: ;   {runtime_call nmethod}
  0x00000260aae509a8: 00e9 fbff 

  0x00000260aae509ac: ;   {static_stub}
  0x00000260aae509ac: ffff 48bb | 0000 0000 | 0000 0000 

  0x00000260aae509b8: ;   {runtime_call nmethod}
  0x00000260aae509b8: e9fb ffff 

  0x00000260aae509bc: ;   {static_stub}
  0x00000260aae509bc: ff48 bb00 | 0000 0000 

  0x00000260aae509c4: ;   {runtime_call nmethod}
  0x00000260aae509c4: 0000 00e9 | fbff ffff 

  0x00000260aae509cc: ;   {static_stub}
  0x00000260aae509cc: 48bb 0000 | 0000 0000 

  0x00000260aae509d4: ;   {runtime_call nmethod}
  0x00000260aae509d4: 0000 e9fb 

  0x00000260aae509d8: ;   {runtime_call ExceptionBlob}
  0x00000260aae509d8: ffff ffe9 | 8089 89ff 
[Deopt Handler Code]
  0x00000260aae509e0: e800 0000 | 0048 832c 

  0x00000260aae509e8: ;   {runtime_call DeoptimizationBlob}
  0x00000260aae509e8: 2405 e971 | 0886 fff4 
[/MachCode]


Compiled method (c1) 889129  907       3       jdk.internal.loader.BuiltinClassLoader::defineClass (121 bytes)
 total in heap  [0x00000260a3258208,0x00000260a32599b8] = 6064
 main code      [0x00000260a3258300,0x00000260a32598a8] = 5544
 stub code      [0x00000260a32598a8,0x00000260a32599b8] = 272
 mutable data [0x00000260bbb9e000,0x00000260bbb9e1f8] = 504
 relocation     [0x00000260bbb9e000,0x00000260bbb9e1b0] = 432
 metadata       [0x00000260bbb9e1b0,0x00000260bbb9e1f8] = 72
 immutable data [0x00000260bbb9daf0,0x00000260bbb9dff8] = 1288
 dependencies   [0x00000260bbb9daf0,0x00000260bbb9db08] = 24
 nul chk table  [0x00000260bbb9db08,0x00000260bbb9db38] = 48
 handler table  [0x00000260bbb9db38,0x00000260bbb9db50] = 24
 scopes pcs     [0x00000260bbb9db50,0x00000260bbb9dd70] = 544
 scopes data    [0x00000260bbb9dd70,0x00000260bbb9dff8] = 648

[Constant Pool (empty)]

[MachCode]
[Instructions begin]
  0x00000260a3258300: 6666 660f | 1f84 0000 | 0000 0066 | 6666 9066 | 6690 448b | 5208 443b 

  0x00000260a3258318: ;   {runtime_call Shared Runtime ic_miss_blob}
  0x00000260a3258318: 5008 0f85 | c067 4507 
[Verified Entry Point]
  0x00000260a3258320: 8984 2400 | 80ff ff55 | 4881 ecf0 | 0000 0090 | 4181 7f20 | 0c00 0000 

  0x00000260a3258338: ;   {runtime_call Stub::method_entry_barrier}
  0x00000260a3258338: 7405 e8c1 | be43 0748 | 8994 24a0 | 0000 004c | 8984 2490 | 0000 004c | 898c 2498 

  0x00000260a3258354: ;   {metadata(method data for {method} {0x00000000331da450} 'defineClass' '(Ljava/lang/String;Ljdk/internal/loader/Resource;)Ljava/lang/Class;' in 'jdk/internal/loader/BuiltinClassLoader')}
  0x00000260a3258354: 0000 0048 | be78 6a14 | b760 0200 | 008b be90 | 0000 0083 | c702 89be | 9000 0000 | 81e7 fe07 
  0x00000260a3258374: 0000 85ff | 0f84 1a13 | 0000 493b | 0149 8bf1 

  0x00000260a3258384: ;   {metadata(method data for {method} {0x00000000331da450} 'defineClass' '(Ljava/lang/String;Ljdk/internal/loader/Resource;)Ljava/lang/Class;' in 'jdk/internal/loader/BuiltinClassLoader')}
  0x00000260a3258384: 48bf 786a | 14b7 6002 | 0000 8b76 | 0841 ba00 | 0000 3349 | 03f2 483b | b7e0 0000 | 0075 0d48 
  0x00000260a32583a4: 8387 e800 | 0000 01e9 | 6000 0000 | 483b b7f0 | 0000 0075 | 0d48 8387 | f800 0000 | 01e9 4a00 
  0x00000260a32583c4: 0000 4883 | bfe0 0000 | 0000 7517 | 4889 b7e0 | 0000 0048 | c787 e800 | 0000 0100 | 0000 e929 
  0x00000260a32583e4: 0000 0048 | 83bf f000 | 0000 0075 | 1748 89b7 | f000 0000 | 48c7 87f8 | 0000 0001 | 0000 00e9 
  0x00000260a3258404: 0800 0000 | 4883 87d8 | 0000 0001 | 498b d166 | 9048 b840 | 019d bb60 

  0x00000260a325841c: ;   {virtual_call}
  0x00000260a325841c: 0200 00e8 

  0x00000260a3258420: ; ImmutableOopMap {[144]=Oop [152]=Oop [160]=Oop }
                      ;*invokevirtual getCodeSourceURL {reexecute=0 rethrow=0 return_oop=0}
                      ; - jdk.internal.loader.BuiltinClassLoader::defineClass@1 (line 756)
  0x00000260a3258420: def1 a307 

  0x00000260a3258424: ;   {post_call_nop}
  0x00000260a3258424: 0f1f 8400 | 1c02 0000 | 4889 8424 | a800 0000 | 4c8b 8424 | 9000 0000 

  0x00000260a325843c: ; implicit exception: dispatches to 0x00000260a32596be
  0x00000260a325843c: 493b 0049 

  0x00000260a3258440: ;   {metadata(method data for {method} {0x00000000331da450} 'defineClass' '(Ljava/lang/String;Ljdk/internal/loader/Resource;)Ljava/lang/Class;' in 'jdk/internal/loader/BuiltinClassLoader')}
  0x00000260a3258440: 8bc8 48ba | 786a 14b7 | 6002 0000 | 8b49 0841 | ba00 0000 | 3349 03ca | 483b 8a10 | 0100 0075 
  0x00000260a3258460: 0d48 8382 | 1801 0000 | 01e9 6000 | 0000 483b | 8a20 0100 | 0075 0d48 | 8382 2801 | 0000 01e9 
  0x00000260a3258480: 4a00 0000 | 4883 ba10 | 0100 0000 | 7517 4889 | 8a10 0100 | 0048 c782 | 1801 0000 | 0100 0000 
  0x00000260a32584a0: e929 0000 | 0048 83ba | 2001 0000 | 0075 1748 | 898a 2001 | 0000 48c7 | 8228 0100 | 0001 0000 
  0x00000260a32584c0: 00e9 0800 | 0000 4883 | 8208 0100 

  0x00000260a32584cc: ;   {metadata(method data for {method} {0x00000000334ac820} 'lastIndexOf' '(I)I' in 'java/lang/String')}
  0x00000260a32584cc: 0001 48b9 | b8b6 04b7 | 6002 0000 | 8b91 9000 | 0000 83c2 | 0289 9190 | 0000 0081 | e2fe ff1f 
  0x00000260a32584ec: 0085 d20f | 84ce 1100 | 0049 8bc8 

  0x00000260a32584f8: ;   {metadata(method data for {method} {0x00000000334ac820} 'lastIndexOf' '(I)I' in 'java/lang/String')}
  0x00000260a32584f8: 48ba b8b6 | 04b7 6002 | 0000 8b49 | 0841 ba00 | 0000 3349 | 03ca 483b | 8ae0 0000 | 0075 0d48 
  0x00000260a3258518: 8382 e800 | 0000 01e9 | 6000 0000 | 483b 8af0 | 0000 0075 | 0d48 8382 | f800 0000 | 01e9 4a00 
  0x00000260a3258538: 0000 4883 | bae0 0000 | 0000 7517 | 4889 8ae0 | 0000 0048 | c782 e800 | 0000 0100 | 0000 e929 
  0x00000260a3258558: 0000 0048 | 83ba f000 | 0000 0075 | 1748 898a | f000 0000 | 48c7 82f8 | 0000 0001 | 0000 00e9 
  0x00000260a3258578: 0800 0000 | 4883 82d8 | 0000 0001 

  0x00000260a3258584: ;   {metadata(method data for {method} {0x0000000033187d70} 'length' '()I' in 'java/lang/String')}
  0x00000260a3258584: 48b9 a0ef | 00b7 6002 | 0000 8b91 | 9000 0000 | 83c2 0289 | 9190 0000 | 0081 e2fe | ff1f 0085 
  0x00000260a32585a4: d20f 8439 | 1100 0041 | 8b70 148b | 560c 498b 

  0x00000260a32585b4: ;   {metadata(method data for {method} {0x0000000033187d70} 'length' '()I' in 'java/lang/String')}
  0x00000260a32585b4: c849 b9a0 | ef00 b760 | 0200 008b | 4908 41ba | 0000 0033 | 4903 ca49 | 3b89 e000 | 0000 750d 
  0x00000260a32585d4: 4983 81e8 | 0000 0001 | e960 0000 | 0049 3b89 | f000 0000 | 750d 4983 | 81f8 0000 | 0001 e94a 
  0x00000260a32585f4: 0000 0049 | 83b9 e000 | 0000 0075 | 1749 8989 | e000 0000 | 49c7 81e8 | 0000 0001 | 0000 00e9 
  0x00000260a3258614: 2900 0000 | 4983 b9f0 | 0000 0000 | 7517 4989 | 89f0 0000 | 0049 c781 | f800 0000 | 0100 0000 
  0x00000260a3258634: e908 0000 | 0049 8381 | d800 0000 

  0x00000260a3258640: ;   {metadata(method data for {method} {0x00000000334adb08} 'coder' '()B' in 'java/lang/String')}
  0x00000260a3258640: 0148 b960 | ee00 b760 | 0200 0044 | 8b89 9000 | 0000 4183 | c102 4489 | 8990 0000 | 0041 81e1 
  0x00000260a3258660: feff 1f00 | 4585 c90f | 849d 1000 

  0x00000260a325866c: ;   {metadata(method data for {method} {0x00000000334adb08} 'coder' '()B' in 'java/lang/String')}
  0x00000260a325866c: 0048 b960 | ee00 b760 | 0200 00ff | 81e8 0000 | 0045 0fbe 

  0x00000260a3258680: ;   {metadata(method data for {method} {0x00000000334adb08} 'coder' '()B' in 'java/lang/String')}
  0x00000260a3258680: 4810 48b9 | 60ee 00b7 | 6002 0000 | ff81 f800 | 0000 498b | c9c1 e118 | c1f9 18d3 | fa48 8bfa 
  0x00000260a32586a0: ffcf 498b 

  0x00000260a32586a4: ;   {metadata(method data for {method} {0x00000000334ac820} 'lastIndexOf' '(I)I' in 'java/lang/String')}
  0x00000260a32586a4: d048 bbb8 | b604 b760 | 0200 008b | 5208 41ba | 0000 0033 | 4903 d248 | 3b93 1001 | 0000 750d 
  0x00000260a32586c4: 4883 8318 | 0100 0001 | e960 0000 | 0048 3b93 | 2001 0000 | 750d 4883 | 8328 0100 | 0001 e94a 
  0x00000260a32586e4: 0000 0048 | 83bb 1001 | 0000 0075 | 1748 8993 | 1001 0000 | 48c7 8318 | 0100 0001 | 0000 00e9 
  0x00000260a3258704: 2900 0000 | 4883 bb20 | 0100 0000 | 7517 4889 | 9320 0100 | 0048 c783 | 2801 0000 | 0100 0000 
  0x00000260a3258724: e908 0000 | 0048 8383 | 0801 0000 

  0x00000260a3258730: ;   {metadata(method data for {method} {0x00000000334ac718} 'lastIndexOf' '(II)I' in 'java/lang/String')}
  0x00000260a3258730: 0148 ba38 | b304 b760 | 0200 008b | 9a90 0000 | 0083 c302 | 899a 9000 | 0000 81e3 | feff 1f00 
  0x00000260a3258750: 85db 0f84 | d30f 0000 

  0x00000260a3258758: ;   {metadata(method data for {method} {0x00000000334ac718} 'lastIndexOf' '(II)I' in 'java/lang/String')}
  0x00000260a3258758: 498b d048 | bb38 b304 | b760 0200 | 008b 5208 | 41ba 0000 | 0033 4903 | d248 3b93 | e000 0000 
  0x00000260a3258778: 750d 4883 | 83e8 0000 | 0001 e960 | 0000 0048 | 3b93 f000 | 0000 750d | 4883 83f8 | 0000 0001 
  0x00000260a3258798: e94a 0000 | 0048 83bb | e000 0000 | 0075 1748 | 8993 e000 | 0000 48c7 | 83e8 0000 | 0001 0000 
  0x00000260a32587b8: 00e9 2900 | 0000 4883 | bbf0 0000 | 0000 7517 | 4889 93f0 | 0000 0048 | c783 f800 | 0000 0100 
  0x00000260a32587d8: 0000 e908 | 0000 0048 | 8383 d800 

  0x00000260a32587e4: ;   {metadata(method data for {method} {0x00000000334acea8} 'isLatin1' '()Z' in 'java/lang/String')}
  0x00000260a32587e4: 0000 0148 | ba80 9000 | b760 0200 | 008b 9a90 | 0000 0083 | c302 899a | 9000 0000 | 81e3 feff 
  0x00000260a3258804: 1f00 85db | 0f84 3e0f 

  0x00000260a325880c: ;   {metadata(method data for {method} {0x00000000334acea8} 'isLatin1' '()Z' in 'java/lang/String')}
  0x00000260a325880c: 0000 48ba | 8090 00b7 | 6002 0000 | ff82 e800 | 0000 4585 

  0x00000260a3258820: ;   {metadata(method data for {method} {0x00000000334acea8} 'isLatin1' '()Z' in 'java/lang/String')}
  0x00000260a3258820: c948 ba80 | 9000 b760 | 0200 0041 | b9f8 0000 | 0075 0641 | b908 0100 | 004a 8b1c | 0a48 8d5b 
  0x00000260a3258840: 014a 891c | 0a0f 851a 

  0x00000260a3258848: ;   {metadata(method data for {method} {0x00000000334acea8} 'isLatin1' '()Z' in 'java/lang/String')}
  0x00000260a3258848: 0000 0048 | ba80 9000 | b760 0200 | 00ff 8218 | 0100 00ba | 0100 0000 | e905 0000 | 00ba 0000 
  0x00000260a3258868: 0000 83e2 

  0x00000260a325886c: ;   {metadata(method data for {method} {0x00000000334ac718} 'lastIndexOf' '(II)I' in 'java/lang/String')}
  0x00000260a325886c: 0185 d248 | ba38 b304 | b760 0200 | 0041 b908 | 0100 0074 | 0641 b918 | 0100 004a | 8b1c 0a48 
  0x00000260a325888c: 8d5b 014a | 891c 0a0f | 8440 0000 

  0x00000260a3258898: ;   {metadata(method data for {method} {0x00000000334ac718} 'lastIndexOf' '(II)I' in 'java/lang/String')}
  0x00000260a3258898: 0048 ba38 | b304 b760 | 0200 0048 | 8382 2801 | 0000 0148 | 8bd6 41b8 | 2e00 0000 

  0x00000260a32588b4: ;   {static_call}
  0x00000260a32588b4: 4c8b cfe8 

  0x00000260a32588b8: ; ImmutableOopMap {[144]=Oop [152]=Oop [160]=Oop [168]=Oop }
                      ;*invokestatic lastIndexOf {reexecute=0 rethrow=0 return_oop=0}
                      ; - java.lang.String::lastIndexOf@13 (line 2638)
                      ; - java.lang.String::lastIndexOf@8 (line 2600)
                      ; - jdk.internal.loader.BuiltinClassLoader::defineClass@8 (line 759)
  0x00000260a32588b8: 4409 9c07 

  0x00000260a32588bc: ;   {post_call_nop}
  0x00000260a32588bc: 0f1f 8400 | b406 0001 

  0x00000260a32588c4: ;   {metadata(method data for {method} {0x00000000334ac718} 'lastIndexOf' '(II)I' in 'java/lang/String')}
  0x00000260a32588c4: 48ba 38b3 | 04b7 6002 | 0000 ff82 | 3801 0000 | e92b 0000 

  0x00000260a32588d8: ;   {metadata(method data for {method} {0x00000000334ac718} 'lastIndexOf' '(II)I' in 'java/lang/String')}
  0x00000260a32588d8: 0048 ba38 | b304 b760 | 0200 0048 | 8382 5001 | 0000 0148 | 8bd6 41b8 | 2e00 0000 

  0x00000260a32588f4: ;   {static_call}
  0x00000260a32588f4: 4c8b cfe8 

  0x00000260a32588f8: ; ImmutableOopMap {[144]=Oop [152]=Oop [160]=Oop [168]=Oop }
                      ;*invokestatic lastIndexOf {reexecute=0 rethrow=0 return_oop=0}
                      ; - java.lang.String::lastIndexOf@25 (line 2639)
                      ; - java.lang.String::lastIndexOf@8 (line 2600)
                      ; - jdk.internal.loader.BuiltinClassLoader::defineClass@8 (line 759)
  0x00000260a32588f8: e46a 4507 

  0x00000260a32588fc: ;   {post_call_nop}
  0x00000260a32588fc: 0f1f 8400 | f406 0002 

  0x00000260a3258904: ;   {metadata(method data for {method} {0x00000000331da450} 'defineClass' '(Ljava/lang/String;Ljdk/internal/loader/Resource;)Ljava/lang/Class;' in 'jdk/internal/loader/BuiltinClassLoader')}
  0x00000260a3258904: 83f8 ff49 | b878 6a14 | b760 0200 | 0041 b938 | 0100 0074 | 0641 b948 | 0100 004b | 8b14 0848 
  0x00000260a3258924: 8d52 014b | 8914 080f | 843b 0200 | 004c 8b84 | 2490 0000 

  0x00000260a3258938: ;   {metadata(method data for {method} {0x00000000331da450} 'defineClass' '(Ljava/lang/String;Ljdk/internal/loader/Resource;)Ljava/lang/Class;' in 'jdk/internal/loader/BuiltinClassLoader')}
  0x00000260a3258938: 0049 b978 | 6a14 b760 | 0200 0045 | 8b40 0841 | ba00 0000 | 334d 03c2 | 4d3b 8160 | 0100 0075 
  0x00000260a3258958: 0d49 8381 | 6801 0000 | 01e9 6000 | 0000 4d3b | 8170 0100 | 0075 0d49 | 8381 7801 | 0000 01e9 
  0x00000260a3258978: 4a00 0000 | 4983 b960 | 0100 0000 | 7517 4d89 | 8160 0100 | 0049 c781 | 6801 0000 | 0100 0000 
  0x00000260a3258998: e929 0000 | 0049 83b9 | 7001 0000 | 0075 174d | 8981 7001 | 0000 49c7 | 8178 0100 | 0001 0000 
  0x00000260a32589b8: 00e9 0800 | 0000 4983 | 8158 0100 | 0001 41b8 | 0000 0000 | 4c8b c848 | 8b94 2490 

  0x00000260a32589d4: ;   {optimized virtual_call}
  0x00000260a32589d4: 0000 00e8 

  0x00000260a32589d8: ; ImmutableOopMap {[144]=Oop [152]=Oop [160]=Oop [168]=Oop }
                      ;*invokevirtual substring {reexecute=0 rethrow=0 return_oop=0}
                      ; - jdk.internal.loader.BuiltinClassLoader::defineClass@23 (line 761)
  0x00000260a32589d8: b4da 9e07 

  0x00000260a32589dc: ;   {post_call_nop}
  0x00000260a32589dc: 0f1f 8400 | d407 0003 | 4c8b 8c24 | 9800 0000 

  0x00000260a32589ec: ;   {metadata(method data for {method} {0x00000000331da450} 'defineClass' '(Ljava/lang/String;Ljdk/internal/loader/Resource;)Ljava/lang/Class;' in 'jdk/internal/loader/BuiltinClassLoader')}
  0x00000260a32589ec: 48ba 786a | 14b7 6002 | 0000 458b | 4908 41ba | 0000 0033 | 4d03 ca4c | 3b8a 9001 | 0000 750d 
  0x00000260a3258a0c: 4883 8298 | 0100 0001 | e960 0000 | 004c 3b8a | a001 0000 | 750d 4883 | 82a8 0100 | 0001 e94a 
  0x00000260a3258a2c: 0000 0048 | 83ba 9001 | 0000 0075 | 174c 898a | 9001 0000 | 48c7 8298 | 0100 0001 | 0000 00e9 
  0x00000260a3258a4c: 2900 0000 | 4883 baa0 | 0100 0000 | 7517 4c89 | 8aa0 0100 | 0048 c782 | a801 0000 | 0100 0000 
  0x00000260a3258a6c: e908 0000 | 0048 8382 | 8801 0000 | 0148 8b94 | 2498 0000 | 0048 8984 | 24b0 0000 | 000f 1f40 
  0x00000260a3258a8c: 0048 b868 | 019d bb60 

  0x00000260a3258a94: ;   {virtual_call}
  0x00000260a3258a94: 0200 00e8 

  0x00000260a3258a98: ; ImmutableOopMap {[144]=Oop [152]=Oop [160]=Oop [168]=Oop [176]=Oop }
                      ;*invokevirtual getManifest {reexecute=0 rethrow=0 return_oop=0}
                      ; - jdk.internal.loader.BuiltinClassLoader::defineClass@29 (line 762)
  0x00000260a3258a98: e663 b507 

  0x00000260a3258a9c: ;   {post_call_nop}
  0x00000260a3258a9c: 0f1f 8400 | 9408 0004 | 488b 9424 | a000 0000 

  0x00000260a3258aac: ;   {metadata(method data for {method} {0x00000000331da450} 'defineClass' '(Ljava/lang/String;Ljdk/internal/loader/Resource;)Ljava/lang/Class;' in 'jdk/internal/loader/BuiltinClassLoader')}
  0x00000260a3258aac: 49b8 786a | 14b7 6002 | 0000 8b52 | 0841 ba00 | 0000 3349 | 03d2 493b | 90c0 0100 | 0075 0d49 
  0x00000260a3258acc: 8380 c801 | 0000 01e9 | 6000 0000 | 493b 90d0 | 0100 0075 | 0d49 8380 | d801 0000 | 01e9 4a00 
  0x00000260a3258aec: 0000 4983 | b8c0 0100 | 0000 7517 | 4989 90c0 | 0100 0049 | c780 c801 | 0000 0100 | 0000 e929 
  0x00000260a3258b0c: 0000 0049 | 83b8 d001 | 0000 0075 | 1749 8990 | d001 0000 | 49c7 80d8 | 0100 0001 | 0000 00e9 
  0x00000260a3258b2c: 0800 0000 | 4983 80b8 | 0100 0001 | 4c8b 8424 | b000 0000 | 4c8b c848 | 8bbc 24a8 | 0000 0048 
  0x00000260a3258b4c: 8b94 24a0 | 0000 0066 | 9048 b890 | 019d bb60 

  0x00000260a3258b5c: ;   {virtual_call}
  0x00000260a3258b5c: 0200 00e8 

  0x00000260a3258b60: ; ImmutableOopMap {[144]=Oop [152]=Oop [160]=Oop [168]=Oop }
                      ;*invokevirtual defineOrCheckPackage {reexecute=0 rethrow=0 return_oop=0}
                      ; - jdk.internal.loader.BuiltinClassLoader::defineClass@40 (line 763)
  0x00000260a3258b60: 1e7b af07 

  0x00000260a3258b64: ;   {post_call_nop}
  0x00000260a3258b64: 0f1f 8400 | 5c09 0005 | 4c8b 8c24 | 9800 0000 

  0x00000260a3258b74: ;   {metadata(method data for {method} {0x00000000331da450} 'defineClass' '(Ljava/lang/String;Ljdk/internal/loader/Resource;)Ljava/lang/Class;' in 'jdk/internal/loader/BuiltinClassLoader')}
  0x00000260a3258b74: 498b c148 | ba78 6a14 | b760 0200 | 008b 4008 | 41ba 0000 | 0033 4903 | c248 3b82 | f001 0000 
  0x00000260a3258b94: 750d 4883 | 82f8 0100 | 0001 e960 | 0000 0048 | 3b82 0002 | 0000 750d | 4883 8208 | 0200 0001 
  0x00000260a3258bb4: e94a 0000 | 0048 83ba | f001 0000 | 0075 1748 | 8982 f001 | 0000 48c7 | 82f8 0100 | 0001 0000 
  0x00000260a3258bd4: 00e9 2900 | 0000 4883 | ba00 0200 | 0000 7517 | 4889 8200 | 0200 0048 | c782 0802 | 0000 0100 
  0x00000260a3258bf4: 0000 e908 | 0000 0048 | 8382 e801 

  0x00000260a3258c00: ;   {metadata(method data for {method} {0x00000000332a8a18} 'getByteBuffer' '()Ljava/nio/ByteBuffer;' in 'jdk/internal/loader/Resource')}
  0x00000260a3258c00: 0000 0148 | b8d8 0315 | b760 0200 | 008b 9090 | 0000 0083 | c202 8990 | 9000 0000 | 81e2 feff 
  0x00000260a3258c20: 1f00 85d2 | 0f84 430b | 0000 498b 

  0x00000260a3258c2c: ;   {metadata(method data for {method} {0x00000000332a8a18} 'getByteBuffer' '()Ljava/nio/ByteBuffer;' in 'jdk/internal/loader/Resource')}
  0x00000260a3258c2c: c148 bad8 | 0315 b760 | 0200 0048 | 8382 d800 | 0000 0148 | 8d94 24d8 | 0000 004c | 894a 0849 
  0x00000260a3258c4c: 8b01 418b | b7d8 0600 | 0081 fe28 | 0700 000f | 8d2d 0b00 | 004d 3b4c | 37f8 0f84 | 2500 0000 
  0x00000260a3258c6c: a802 0f85 | 1a0b 0000 | 488b f048 | 83e6 fe48 | 83c8 01f0 | 490f b131 | 0f85 040b | 0000 418b 
  0x00000260a3258c8c: b7d8 0600 | 004d 890c | 3783 c608 | 4189 b7d8 

  0x00000260a3258c9c: ;   {metadata(method data for {method} {0x00000000332a8cd8} 'cachedInputStream' '()Ljava/io/InputStream;' in 'jdk/internal/loader/Resource')}
  0x00000260a3258c9c: 0600 0048 | ba70 2710 | b760 0200 | 008b b290 | 0000 0083 | c602 89b2 | 9000 0000 | 81e6 feff 
  0x00000260a3258cbc: 1f00 85f6 | 0f84 db0a | 0000 418b | 510c 4885 

  0x00000260a3258ccc: ;   {metadata(method data for {method} {0x00000000332a8cd8} 'cachedInputStream' '()Ljava/io/InputStream;' in 'jdk/internal/loader/Resource')}
  0x00000260a3258ccc: d248 ba70 | 2710 b760 | 0200 00be | d800 0000 | 7505 bee8 | 0000 0048 | 8b3c 3248 | 8d7f 0148 
  0x00000260a3258cec: 893c 320f | 85df 0000 | 0049 8bd1 

  0x00000260a3258cf8: ;   {metadata(method data for {method} {0x00000000332a8cd8} 'cachedInputStream' '()Ljava/io/InputStream;' in 'jdk/internal/loader/Resource')}
  0x00000260a3258cf8: 48be 7027 | 10b7 6002 | 0000 8b52 | 0841 ba00 | 0000 3349 | 03d2 483b | 9600 0100 | 0075 0d48 
  0x00000260a3258d18: 8386 0801 | 0000 01e9 | 6000 0000 | 483b 9610 | 0100 0075 | 0d48 8386 | 1801 0000 | 01e9 4a00 
  0x00000260a3258d38: 0000 4883 | be00 0100 | 0000 7517 | 4889 9600 | 0100 0048 | c786 0801 | 0000 0100 | 0000 e929 
  0x00000260a3258d58: 0000 0048 | 83be 1001 | 0000 0075 | 1748 8996 | 1001 0000 | 48c7 8618 | 0100 0001 | 0000 00e9 
  0x00000260a3258d78: 0800 0000 | 4883 86f8 | 0000 0001 | 498b d166 | 0f1f 4400 | 0048 b8b8 | 019d bb60 

  0x00000260a3258d94: ;   {virtual_call}
  0x00000260a3258d94: 0200 00e8 

  0x00000260a3258d98: ; ImmutableOopMap {[144]=Oop [152]=Oop [160]=Oop [168]=Oop [224]=Oop }
                      ;*invokevirtual getInputStream {reexecute=0 rethrow=0 return_oop=0}
                      ; - jdk.internal.loader.Resource::cachedInputStream@9 (line 76)
                      ; - jdk.internal.loader.Resource::getByteBuffer@1 (line 133)
                      ; - jdk.internal.loader.BuiltinClassLoader::defineClass@45 (line 767)
  0x00000260a3258d98: f6e7 0700 

  0x00000260a3258d9c: ;   {post_call_nop}
  0x00000260a3258d9c: 0f1f 8400 | 940b 0006 | 410f be57 | 4885 d24c | 8b8c 2498 | 0000 000f | 8509 0a00 | 004c 8bd0 
  0x00000260a3258dbc: 4589 510c | 498b d148 | 33d0 48c1 | ea14 4883 | fa00 0f85 | 0a0a 0000 | 418b 510c | 488d 8424 
  0x00000260a3258ddc: d800 0000 | 488b 7808 | 418b b7d8 | 0600 0049 | 3b7c 37f8 | 0f85 000a | 0000 4183 | afd8 0600 
  0x00000260a3258dfc: 0008 493b | 7c37 f00f | 842a 0000 | 0048 8b07 | a802 0f85 | 1200 0000 | 488b f048 | 83ce 01f0 
  0x00000260a3258e1c: 480f b137 | 0f84 0d00 | 0000 4183 | 87d8 0600 | 0008 e9c3 | 0900 0048 

  0x00000260a3258e34: ;   {metadata(method data for {method} {0x00000000332a8a18} 'getByteBuffer' '()Ljava/nio/ByteBuffer;' in 'jdk/internal/loader/Resource')}
  0x00000260a3258e34: 85d2 48bb | d803 15b7 | 6002 0000 | 750c 808b | 0101 0000 | 01e9 c100 | 0000 8b42 | 0841 ba00 
  0x00000260a3258e54: 0000 3349 | 03c2 483b | 8310 0100 | 0075 0d48 | 8383 1801 | 0000 01e9 | 6000 0000 | 483b 8320 
  0x00000260a3258e74: 0100 0075 | 0d48 8383 | 2801 0000 | 01e9 4a00 | 0000 4883 | bb10 0100 | 0000 7517 | 4889 8310 
  0x00000260a3258e94: 0100 0048 | c783 1801 | 0000 0100 | 0000 e929 | 0000 0048 | 83bb 2001 | 0000 0075 | 1748 8983 
  0x00000260a3258eb4: 2001 0000 | 48c7 8328 | 0100 0001 | 0000 00e9 | 0800 0000 | 4883 8308 | 0100 0001 

  0x00000260a3258ed0: ;   {metadata('sun/nio/ByteBuffered')}
  0x00000260a3258ed0: 48b8 804d | 4233 0000 | 0000 8b5a | 0841 ba00 | 0000 3349 | 03da 483b | 4320 0f84 | 2400 0000 
  0x00000260a3258ef0: 483b d80f | 841b 0000 

  0x00000260a3258ef8: ;   {runtime_call C1 Runtime slow_subtype_check_blob}
  0x00000260a3258ef8: 0053 50e8 | e03d 5207 | 5b5b 85db | 0f84 0500 | 0000 e905 | 0000 0048 | 33f6 eb05 | be01 0000 
  0x00000260a3258f18: ;   {metadata(method data for {method} {0x00000000332a8a18} 'getByteBuffer' '()Ljava/nio/ByteBuffer;' in 'jdk/internal/loader/Resource')}
  0x00000260a3258f18: 0085 f648 | bed8 0315 | b760 0200 | 00bf 3801 | 0000 7405 | bf48 0100 | 0048 8b1c | 3e48 8d5b 
  0x00000260a3258f38: 0148 891c | 3e0f 848e | 0100 0048 

  0x00000260a3258f44: ;   {metadata(method data for {method} {0x00000000332a8a18} 'getByteBuffer' '()Ljava/nio/ByteBuffer;' in 'jdk/internal/loader/Resource')}
  0x00000260a3258f44: 85d2 48bf | d803 15b7 | 6002 0000 | 750c 808f | 5101 0000 | 01e9 c100 | 0000 8b5a | 0841 ba00 
  0x00000260a3258f64: 0000 3349 | 03da 483b | 9f60 0100 | 0075 0d48 | 8387 6801 | 0000 01e9 | 6000 0000 | 483b 9f70 
  0x00000260a3258f84: 0100 0075 | 0d48 8387 | 7801 0000 | 01e9 4a00 | 0000 4883 | bf60 0100 | 0000 7517 | 4889 9f60 
  0x00000260a3258fa4: 0100 0048 | c787 6801 | 0000 0100 | 0000 e929 | 0000 0048 | 83bf 7001 | 0000 0075 | 1748 899f 
  0x00000260a3258fc4: 7001 0000 | 48c7 8778 | 0100 0001 | 0000 00e9 | 0800 0000 | 4883 8758 | 0100 0001 

  0x00000260a3258fe0: ;   {metadata('sun/nio/ByteBuffered')}
  0x00000260a3258fe0: 48bb 804d | 4233 0000 | 0000 8b7a | 0841 ba00 | 0000 3349 | 03fa 483b | 5f20 0f84 | 1f00 0000 
  0x00000260a3259000: 483b fb0f | 8416 0000 

  0x00000260a3259008: ;   {runtime_call C1 Runtime slow_subtype_check_blob}
  0x00000260a3259008: 0057 53e8 | d03c 5207 | 5f5f 85ff | 0f84 f207 | 0000 e900 | 0000 0048 | 3b02 488b 

  0x00000260a3259024: ;   {metadata(method data for {method} {0x00000000332a8a18} 'getByteBuffer' '()Ljava/nio/ByteBuffer;' in 'jdk/internal/loader/Resource')}
  0x00000260a3259024: f248 bfd8 | 0315 b760 | 0200 008b | 7608 41ba | 0000 0033 | 4903 f248 | 3bb7 9001 | 0000 750d 
  0x00000260a3259044: 4883 8798 | 0100 0001 | e960 0000 | 0048 3bb7 | a001 0000 | 750d 4883 | 87a8 0100 | 0001 e94a 
  0x00000260a3259064: 0000 0048 | 83bf 9001 | 0000 0075 | 1748 89b7 | 9001 0000 | 48c7 8798 | 0100 0001 | 0000 00e9 
  0x00000260a3259084: 2900 0000 | 4883 bfa0 | 0100 0000 | 7517 4889 | b7a0 0100 | 0048 c787 | a801 0000 | 0100 0000 
  0x00000260a32590a4: e908 0000 | 0048 8387 | 8801 0000 | 010f 1f40 | 0048 b8e0 | 019d bb60 

  0x00000260a32590bc: ;   {virtual_call}
  0x00000260a32590bc: 0200 00e8 

  0x00000260a32590c0: ; ImmutableOopMap {[144]=Oop [152]=Oop [160]=Oop [168]=Oop }
                      ;*invokeinterface getByteBuffer {reexecute=0 rethrow=0 return_oop=0}
                      ; - jdk.internal.loader.Resource::getByteBuffer@16 (line 135)
                      ; - jdk.internal.loader.BuiltinClassLoader::defineClass@45 (line 767)
  0x00000260a32590c0: 1c60 4507 

  0x00000260a32590c4: ;   {post_call_nop}
  0x00000260a32590c4: 0f1f 8400 | bc0e 0007 | e90a 0000 

  0x00000260a32590d0: ;   {oop(nullptr)}
  0x00000260a32590d0: 0048 b800 | 0000 0000 | 0000 0048 

  0x00000260a32590dc: ;   {metadata(method data for {method} {0x00000000331da450} 'defineClass' '(Ljava/lang/String;Ljdk/internal/loader/Resource;)Ljava/lang/Class;' in 'jdk/internal/loader/BuiltinClassLoader')}
  0x00000260a32590dc: 85c0 48ba | 786a 14b7 | 6002 0000 | be18 0200 | 0074 05be | 2802 0000 | 488b 3c32 | 488d 7f01 
  0x00000260a32590fc: 4889 3c32 | 0f84 2902 | 0000 4889 | 8424 b800 | 0000 4c8b | 8c24 9800 

  0x00000260a3259114: ;   {metadata(method data for {method} {0x00000000331da450} 'defineClass' '(Ljava/lang/String;Ljdk/internal/loader/Resource;)Ljava/lang/Class;' in 'jdk/internal/loader/BuiltinClassLoader')}
  0x00000260a3259114: 0000 48ba | 786a 14b7 | 6002 0000 | 458b 4908 | 41ba 0000 | 0033 4d03 | ca4c 3b8a | 4002 0000 
  0x00000260a3259134: 750d 4883 | 8248 0200 | 0001 e960 | 0000 004c | 3b8a 5002 | 0000 750d | 4883 8258 | 0200 0001 
  0x00000260a3259154: e94a 0000 | 0048 83ba | 4002 0000 | 0075 174c | 898a 4002 | 0000 48c7 | 8248 0200 | 0001 0000 
  0x00000260a3259174: 00e9 2900 | 0000 4883 | ba50 0200 | 0000 7517 | 4c89 8a50 | 0200 0048 | c782 5802 | 0000 0100 
  0x00000260a3259194: 0000 e908 | 0000 0048 | 8382 3802 | 0000 0148 | 8b94 2498 | 0000 0066 | 9048 b808 | 029d bb60 
  0x00000260a32591b4: ;   {virtual_call}
  0x00000260a32591b4: 0200 00e8 

  0x00000260a32591b8: ; ImmutableOopMap {[144]=Oop [160]=Oop [168]=Oop [184]=Oop }
                      ;*invokevirtual getCodeSigners {reexecute=0 rethrow=0 return_oop=0}
                      ; - jdk.internal.loader.BuiltinClassLoader::defineClass@56 (line 769)
  0x00000260a32591b8: 245f 4507 

  0x00000260a32591bc: ;   {post_call_nop}
  0x00000260a32591bc: 0f1f 8400 | b40f 0008 

  0x00000260a32591c4: ;   {metadata('java/security/CodeSource')}
  0x00000260a32591c4: 4c8b c848 | bad8 921c | 3300 0000 | 0049 8b87 | c801 0000 | 488d 7828 | 493b bfd8 | 0100 000f 
  0x00000260a32591e4: 8731 0600 | 0049 89bf | c801 0000 | 48c7 0001 | 0000 0048 | 8bca 41ba | 0000 0033 | 492b ca89 
  0x00000260a3259204: 4808 4833 | c989 480c | 4833 c948 | 8948 1048 | 8948 1848 | 8948 204c 

  0x00000260a325921c: ;   {metadata(method data for {method} {0x00000000331da450} 'defineClass' '(Ljava/lang/String;Ljdk/internal/loader/Resource;)Ljava/lang/Class;' in 'jdk/internal/loader/BuiltinClassLoader')}
  0x00000260a325921c: 8bc0 48ba | 786a 14b7 | 6002 0000 | 4883 8268 | 0200 0001 | 4c8b 8424 | a800 0000 | 488b d048 
  0x00000260a325923c: 8984 24c0 | 0000 000f 

  0x00000260a3259244: ;   {optimized virtual_call}
  0x00000260a3259244: 1f40 00e8 

  0x00000260a3259248: ; ImmutableOopMap {[144]=Oop [160]=Oop [184]=Oop [192]=Oop }
                      ;*invokespecial <init> {reexecute=0 rethrow=0 return_oop=0}
                      ; - jdk.internal.loader.BuiltinClassLoader::defineClass@68 (line 770)
  0x00000260a3259248: 945b 4507 

  0x00000260a325924c: ;   {post_call_nop}
  0x00000260a325924c: 0f1f 8400 | 4410 0009 | 488b 9424 | a000 0000 

  0x00000260a325925c: ;   {metadata(method data for {method} {0x00000000331da450} 'defineClass' '(Ljava/lang/String;Ljdk/internal/loader/Resource;)Ljava/lang/Class;' in 'jdk/internal/loader/BuiltinClassLoader')}
  0x00000260a325925c: 49b8 786a | 14b7 6002 | 0000 8b52 | 0841 ba00 | 0000 3349 | 03d2 493b | 9080 0200 | 0075 0d49 
  0x00000260a325927c: 8380 8802 | 0000 01e9 | 6000 0000 | 493b 9090 | 0200 0075 | 0d49 8380 | 9802 0000 | 01e9 4a00 
  0x00000260a325929c: 0000 4983 | b880 0200 | 0000 7517 | 4989 9080 | 0200 0049 | c780 8802 | 0000 0100 | 0000 e929 
  0x00000260a32592bc: 0000 0049 | 83b8 9002 | 0000 0075 | 1749 8990 | 9002 0000 | 49c7 8098 | 0200 0001 | 0000 00e9 
  0x00000260a32592dc: 0800 0000 | 4983 8078 | 0200 0001 | 4c8b 8424 | 9000 0000 | 4c8b 8c24 | b800 0000 | 488b bc24 
  0x00000260a32592fc: c000 0000 | 488b 9424 | a000 0000 | 0f1f 8000 

  0x00000260a325930c: ;   {optimized virtual_call}
  0x00000260a325930c: 0000 00e8 

  0x00000260a3259310: ; ImmutableOopMap {}
                      ;*invokevirtual defineClass {reexecute=0 rethrow=0 return_oop=0}
                      ; - jdk.internal.loader.BuiltinClassLoader::defineClass@79 (line 771)
  0x00000260a3259310: cc5a 4507 

  0x00000260a3259314: ;   {post_call_nop}
  0x00000260a3259314: 0f1f 8400 | 0c11 000a | 4881 c4f0 | 0000 005d 

  0x00000260a3259324: ;   {poll_return}
  0x00000260a3259324: 493b 6728 | 0f87 f904 | 0000 c34c | 8b8c 2498 | 0000 0049 

  0x00000260a3259338: ;   {metadata(method data for {method} {0x00000000331da450} 'defineClass' '(Ljava/lang/String;Ljdk/internal/loader/Resource;)Ljava/lang/Class;' in 'jdk/internal/loader/BuiltinClassLoader')}
  0x00000260a3259338: 8bf1 48bf | 786a 14b7 | 6002 0000 | 8b76 0841 | ba00 0000 | 3349 03f2 | 483b b7b0 | 0200 0075 
  0x00000260a3259358: 0d48 8387 | b802 0000 | 01e9 6000 | 0000 483b | b7c0 0200 | 0075 0d48 | 8387 c802 | 0000 01e9 
  0x00000260a3259378: 4a00 0000 | 4883 bfb0 | 0200 0000 | 7517 4889 | b7b0 0200 | 0048 c787 | b802 0000 | 0100 0000 
  0x00000260a3259398: e929 0000 | 0048 83bf | c002 0000 | 0075 1748 | 89b7 c002 | 0000 48c7 | 87c8 0200 | 0001 0000 
  0x00000260a32593b8: 00e9 0800 | 0000 4883 | 87a8 0200 | 0001 498b | d10f 1f40 | 0048 b830 | 029d bb60 

  0x00000260a32593d4: ;   {virtual_call}
  0x00000260a32593d4: 0200 00e8 

  0x00000260a32593d8: ; ImmutableOopMap {[144]=Oop [152]=Oop [160]=Oop [168]=Oop }
                      ;*invokevirtual getBytes {reexecute=0 rethrow=0 return_oop=0}
                      ; - jdk.internal.loader.BuiltinClassLoader::defineClass@84 (line 773)
  0x00000260a32593d8: 26ee c207 

  0x00000260a32593dc: ;   {post_call_nop}
  0x00000260a32593dc: 0f1f 8400 | d411 000b | 4c8b 8c24 | 9800 0000 

  0x00000260a32593ec: ;   {metadata(method data for {method} {0x00000000331da450} 'defineClass' '(Ljava/lang/String;Ljdk/internal/loader/Resource;)Ljava/lang/Class;' in 'jdk/internal/loader/BuiltinClassLoader')}
  0x00000260a32593ec: 48ba 786a | 14b7 6002 | 0000 458b | 4908 41ba | 0000 0033 | 4d03 ca4c | 3b8a e002 | 0000 750d 
  0x00000260a325940c: 4883 82e8 | 0200 0001 | e960 0000 | 004c 3b8a | f002 0000 | 750d 4883 | 82f8 0200 | 0001 e94a 
  0x00000260a325942c: 0000 0048 | 83ba e002 | 0000 0075 | 174c 898a | e002 0000 | 48c7 82e8 | 0200 0001 | 0000 00e9 
  0x00000260a325944c: 2900 0000 | 4883 baf0 | 0200 0000 | 7517 4c89 | 8af0 0200 | 0048 c782 | f802 0000 | 0100 0000 
  0x00000260a325946c: e908 0000 | 0048 8382 | d802 0000 | 0148 8b94 | 2498 0000 | 0048 8984 | 24c8 0000 | 000f 1f40 
  0x00000260a325948c: 0048 b858 | 029d bb60 

  0x00000260a3259494: ;   {virtual_call}
  0x00000260a3259494: 0200 00e8 

  0x00000260a3259498: ; ImmutableOopMap {[144]=Oop [160]=Oop [168]=Oop [200]=Oop }
                      ;*invokevirtual getCodeSigners {reexecute=0 rethrow=0 return_oop=0}
                      ; - jdk.internal.loader.BuiltinClassLoader::defineClass@90 (line 774)
  0x00000260a3259498: 667e 9d07 

  0x00000260a325949c: ;   {post_call_nop}
  0x00000260a325949c: 0f1f 8400 | 9412 000c 

  0x00000260a32594a4: ;   {metadata('java/security/CodeSource')}
  0x00000260a32594a4: 4c8b c848 | bad8 921c | 3300 0000 | 0049 8b87 | c801 0000 | 488d 7828 | 493b bfd8 | 0100 000f 
  0x00000260a32594c4: 8774 0300 | 0049 89bf | c801 0000 | 48c7 0001 | 0000 0048 | 8bca 41ba | 0000 0033 | 492b ca89 
  0x00000260a32594e4: 4808 4833 | c989 480c | 4833 c948 | 8948 1048 | 8948 1848 | 8948 204c 

  0x00000260a32594fc: ;   {metadata(method data for {method} {0x00000000331da450} 'defineClass' '(Ljava/lang/String;Ljdk/internal/loader/Resource;)Ljava/lang/Class;' in 'jdk/internal/loader/BuiltinClassLoader')}
  0x00000260a32594fc: 8bc0 48ba | 786a 14b7 | 6002 0000 | 4883 8208 | 0300 0001 | 4c8b 8424 | a800 0000 | 488b d048 
  0x00000260a325951c: 8984 24d0 | 0000 000f 

  0x00000260a3259524: ;   {optimized virtual_call}
  0x00000260a3259524: 1f40 00e8 

  0x00000260a3259528: ; ImmutableOopMap {[144]=Oop [160]=Oop [200]=Oop [208]=Oop }
                      ;*invokespecial <init> {reexecute=0 rethrow=0 return_oop=0}
                      ; - jdk.internal.loader.BuiltinClassLoader::defineClass@102 (line 775)
  0x00000260a3259528: e4ce 9b07 

  0x00000260a325952c: ;   {post_call_nop}
  0x00000260a325952c: 0f1f 8400 | 2413 000d | 488b 8424 | c800 0000 

  0x00000260a325953c: ; implicit exception: dispatches to 0x00000260a325984a
  0x00000260a325953c: 8b70 0c48 | 8b94 24a0 

  0x00000260a3259544: ;   {metadata(method data for {method} {0x00000000331da450} 'defineClass' '(Ljava/lang/String;Ljdk/internal/loader/Resource;)Ljava/lang/Class;' in 'jdk/internal/loader/BuiltinClassLoader')}
  0x00000260a3259544: 0000 0049 | b878 6a14 | b760 0200 | 008b 5208 | 41ba 0000 | 0033 4903 | d249 3b90 | 2003 0000 
  0x00000260a3259564: 750d 4983 | 8028 0300 | 0001 e960 | 0000 0049 | 3b90 3003 | 0000 750d | 4983 8038 | 0300 0001 
  0x00000260a3259584: e94a 0000 | 0049 83b8 | 2003 0000 | 0075 1749 | 8990 2003 | 0000 49c7 | 8028 0300 | 0001 0000 
  0x00000260a32595a4: 00e9 2900 | 0000 4983 | b830 0300 | 0000 7517 | 4989 9030 | 0300 0049 | c780 3803 | 0000 0100 
  0x00000260a32595c4: 0000 e908 | 0000 0049 | 8380 1803 | 0000 014c | 8b84 2490 | 0000 004c | 8bc8 bf00 | 0000 0048 
  0x00000260a32595e4: 8b8c 24d0 | 0000 0048 | 8b94 24a0 | 0000 000f 

  0x00000260a32595f4: ;   {optimized virtual_call}
  0x00000260a32595f4: 1f40 00e8 

  0x00000260a32595f8: ; ImmutableOopMap {}
                      ;*invokevirtual defineClass {reexecute=0 rethrow=0 return_oop=0}
                      ; - jdk.internal.loader.BuiltinClassLoader::defineClass@117 (line 776)
  0x00000260a32595f8: 1470 bf07 

  0x00000260a32595fc: ;   {post_call_nop}
  0x00000260a32595fc: 0f1f 8400 | f413 000e | 4881 c4f0 | 0000 005d 

  0x00000260a325960c: ;   {poll_return}
  0x00000260a325960c: 493b 6728 | 0f87 3902 | 0000 c349 | 8b87 8805 | 0000 4d33 | d24d 8997 | 8805 0000 | 4d33 d24d 
  0x00000260a325962c: 8997 9005 | 0000 488b | f048 8d84 | 24d8 0000 | 0048 8b58 | 0841 8bbf | d806 0000 | 493b 5c3f 
  0x00000260a325964c: f80f 8512 | 0200 0041 | 83af d806 | 0000 0849 | 3b5c 3ff0 | 0f84 2a00 | 0000 488b | 03a8 020f 
  0x00000260a325966c: 8512 0000 | 0048 8bf8 | 4883 cf01 | f048 0fb1 | 3b0f 840d | 0000 0041 | 8387 d806 | 0000 08e9 
  0x00000260a325968c: d501 0000 | 488b c6e9 | 0002 0000 

  0x00000260a3259698: ;   {metadata({method} {0x00000000331da450} 'defineClass' '(Ljava/lang/String;Ljdk/internal/loader/Resource;)Ljava/lang/Class;' in 'jdk/internal/loader/BuiltinClassLoader')}
  0x00000260a3259698: 49ba 48a4 | 1d33 0000 | 0000 4c89 | 5424 0848 | c704 24ff 

  0x00000260a32596ac: ;   {runtime_call C1 Runtime counter_overflow_blob}
  0x00000260a32596ac: ffff ffe8 

  0x00000260a32596b0: ; ImmutableOopMap {rdx=Oop r8=Oop r9=Oop [144]=Oop [152]=Oop [160]=Oop }
                      ;*synchronization entry
                      ; - jdk.internal.loader.BuiltinClassLoader::defineClass@-1 (line 756)
  0x00000260a32596b0: 2c60 5207 | e9c5 ecff 

  0x00000260a32596b8: ;   {runtime_call C1 Runtime throw_null_pointer_exception_blob}
  0x00000260a32596b8: ffe8 a220 

  0x00000260a32596bc: ; ImmutableOopMap {r9=Oop [144]=Oop [152]=Oop [160]=Oop }
                      ;*invokevirtual getCodeSourceURL {reexecute=0 rethrow=0 return_oop=0}
                      ; - jdk.internal.loader.BuiltinClassLoader::defineClass@1 (line 756)
                      ;   {runtime_call C1 Runtime throw_null_pointer_exception_blob}
  0x00000260a32596bc: 4907 e89d 

  0x00000260a32596c0: ; ImmutableOopMap {rax=Oop r8=Oop [144]=Oop [152]=Oop [160]=Oop [168]=Oop }
                      ;*invokevirtual lastIndexOf {reexecute=0 rethrow=0 return_oop=0}
                      ; - jdk.internal.loader.BuiltinClassLoader::defineClass@8 (line 759)
                      ;   {metadata({method} {0x00000000334ac820} 'lastIndexOf' '(I)I' in 'java/lang/String')}
  0x00000260a32596c0: 2049 0749 | ba18 c84a | 3300 0000 | 004c 8954 | 2408 48c7 | 0424 ffff 

  0x00000260a32596d8: ;   {runtime_call C1 Runtime counter_overflow_blob}
  0x00000260a32596d8: ffff e801 

  0x00000260a32596dc: ; ImmutableOopMap {rax=Oop r8=Oop [144]=Oop [152]=Oop [160]=Oop [168]=Oop }
                      ;*synchronization entry
                      ; - java.lang.String::lastIndexOf@-1 (line 2600)
                      ; - jdk.internal.loader.BuiltinClassLoader::defineClass@8 (line 759)
  0x00000260a32596dc: 6052 07e9 | 11ee ffff 

  0x00000260a32596e4: ;   {metadata({method} {0x0000000033187d70} 'length' '()I' in 'java/lang/String')}
  0x00000260a32596e4: 49ba 687d | 1833 0000 | 0000 4c89 | 5424 0848 | c704 24ff 

  0x00000260a32596f8: ;   {runtime_call C1 Runtime counter_overflow_blob}
  0x00000260a32596f8: ffff ffe8 

  0x00000260a32596fc: ; ImmutableOopMap {rax=Oop r8=Oop [144]=Oop [152]=Oop [160]=Oop [168]=Oop }
                      ;*synchronization entry
                      ; - java.lang.String::length@-1 (line 1583)
                      ; - java.lang.String::lastIndexOf@3 (line 2600)
                      ; - jdk.internal.loader.BuiltinClassLoader::defineClass@8 (line 759)
  0x00000260a32596fc: e05f 5207 | e9a6 eeff 

  0x00000260a3259704: ;   {runtime_call C1 Runtime throw_null_pointer_exception_blob}
  0x00000260a3259704: ffe8 5620 

  0x00000260a3259708: ; ImmutableOopMap {rax=Oop r8=Oop rsi=Oop [144]=Oop [152]=Oop [160]=Oop [168]=Oop }
                      ;*arraylength {reexecute=0 rethrow=0 return_oop=0}
                      ; - java.lang.String::length@4 (line 1583)
                      ; - java.lang.String::lastIndexOf@3 (line 2600)
                      ; - jdk.internal.loader.BuiltinClassLoader::defineClass@8 (line 759)
                      ;   {metadata({method} {0x00000000334adb08} 'coder' '()B' in 'java/lang/String')}
  0x00000260a3259708: 4907 49ba | 00db 4a33 | 0000 0000 | 4c89 5424 | 0848 c704 | 24ff ffff 

  0x00000260a3259720: ;   {runtime_call C1 Runtime counter_overflow_blob}
  0x00000260a3259720: ffe8 ba5f 

  0x00000260a3259724: ; ImmutableOopMap {rax=Oop r8=Oop rsi=Oop [144]=Oop [152]=Oop [160]=Oop [168]=Oop }
                      ;*synchronization entry
                      ; - java.lang.String::coder@-1 (line 4885)
                      ; - java.lang.String::length@6 (line 1583)
                      ; - java.lang.String::lastIndexOf@3 (line 2600)
                      ; - jdk.internal.loader.BuiltinClassLoader::defineClass@8 (line 759)
  0x00000260a3259724: 5207 e942 

  0x00000260a3259728: ;   {metadata({method} {0x00000000334ac718} 'lastIndexOf' '(II)I' in 'java/lang/String')}
  0x00000260a3259728: efff ff49 | ba10 c74a | 3300 0000 | 004c 8954 | 2408 48c7 | 0424 ffff 

  0x00000260a3259740: ;   {runtime_call C1 Runtime counter_overflow_blob}
  0x00000260a3259740: ffff e899 

  0x00000260a3259744: ; ImmutableOopMap {rax=Oop r8=Oop rsi=Oop [144]=Oop [152]=Oop [160]=Oop [168]=Oop }
                      ;*synchronization entry
                      ; - java.lang.String::lastIndexOf@-1 (line 2638)
                      ; - java.lang.String::lastIndexOf@8 (line 2600)
                      ; - jdk.internal.loader.BuiltinClassLoader::defineClass@8 (line 759)
  0x00000260a3259744: 5f52 07e9 | 0cf0 ffff 

  0x00000260a325974c: ;   {metadata({method} {0x00000000334acea8} 'isLatin1' '()Z' in 'java/lang/String')}
  0x00000260a325974c: 49ba a0ce | 4a33 0000 | 0000 4c89 | 5424 0848 | c704 24ff 

  0x00000260a3259760: ;   {runtime_call C1 Runtime counter_overflow_blob}
  0x00000260a3259760: ffff ffe8 

  0x00000260a3259764: ; ImmutableOopMap {rax=Oop r8=Oop rsi=Oop [144]=Oop [152]=Oop [160]=Oop [168]=Oop }
                      ;*synchronization entry
                      ; - java.lang.String::isLatin1@-1 (line 4893)
                      ; - java.lang.String::lastIndexOf@1 (line 2638)
                      ; - java.lang.String::lastIndexOf@8 (line 2600)
                      ; - jdk.internal.loader.BuiltinClassLoader::defineClass@8 (line 759)
  0x00000260a3259764: 785f 5207 | e9a1 f0ff 

  0x00000260a325976c: ;   {metadata({method} {0x00000000332a8a18} 'getByteBuffer' '()Ljava/nio/ByteBuffer;' in 'jdk/internal/loader/Resource')}
  0x00000260a325976c: ff49 ba10 | 8a2a 3300 | 0000 004c | 8954 2408 | 48c7 0424 | ffff ffff 

  0x00000260a3259784: ;   {runtime_call C1 Runtime counter_overflow_blob}
  0x00000260a3259784: e857 5f52 

  0x00000260a3259788: ; ImmutableOopMap {r9=Oop [144]=Oop [152]=Oop [160]=Oop [168]=Oop }
                      ;*synchronization entry
                      ; - jdk.internal.loader.Resource::getByteBuffer@-1 (line 133)
                      ; - jdk.internal.loader.BuiltinClassLoader::defineClass@45 (line 767)
  0x00000260a3259788: 07e9 9cf4 | ffff 4c89 | 4c24 0848 

  0x00000260a3259794: ;   {runtime_call C1 Runtime monitorenter_nofpu_blob}
  0x00000260a3259794: 8914 24e8 

  0x00000260a3259798: ; ImmutableOopMap {r9=Oop [144]=Oop [152]=Oop [160]=Oop [168]=Oop [224]=Oop }
                      ;*synchronization entry
                      ; - jdk.internal.loader.Resource::cachedInputStream@-1 (line 75)
                      ; - jdk.internal.loader.Resource::getByteBuffer@1 (line 133)
                      ; - jdk.internal.loader.BuiltinClassLoader::defineClass@45 (line 767)
  0x00000260a3259798: 443e 5207 | e9fe f4ff 

  0x00000260a32597a0: ;   {metadata({method} {0x00000000332a8cd8} 'cachedInputStream' '()Ljava/io/InputStream;' in 'jdk/internal/loader/Resource')}
  0x00000260a32597a0: ff49 bad0 | 8c2a 3300 | 0000 004c | 8954 2408 | 48c7 0424 | ffff ffff 

  0x00000260a32597b8: ;   {runtime_call C1 Runtime counter_overflow_blob}
  0x00000260a32597b8: e823 5f52 

  0x00000260a32597bc: ; ImmutableOopMap {r9=Oop [144]=Oop [152]=Oop [160]=Oop [168]=Oop [224]=Oop }
                      ;*synchronization entry
                      ; - jdk.internal.loader.Resource::cachedInputStream@-1 (line 75)
                      ; - jdk.internal.loader.Resource::getByteBuffer@1 (line 133)
                      ; - jdk.internal.loader.BuiltinClassLoader::defineClass@45 (line 767)
  0x00000260a32597bc: 07e9 04f5 | ffff 418b | 510c 4883 | fa00 0f84 | e9f5 ffff | 4889 1424 

  0x00000260a32597d4: ;   {runtime_call g1_pre_barrier_slow}
  0x00000260a32597d4: e807 6552 | 07e9 dbf5 | ffff 4883 | f800 0f84 | ecf5 ffff | 4c89 0c24 

  0x00000260a32597ec: ;   {runtime_call g1_post_barrier_slow}
  0x00000260a32597ec: e8ef 6752 | 07e9 def5 | ffff 488d | 8424 d800 | 0000 4889 

  0x00000260a3259800: ;   {runtime_call C1 Runtime monitorexit_nofpu_blob}
  0x00000260a3259800: 0424 e8d9 | 4352 07e9 | 27f6 ffff | 4889 1424 

  0x00000260a3259810: ;   {runtime_call C1 Runtime throw_class_cast_exception_blob}
  0x00000260a3259810: e8cb 2e52 

  0x00000260a3259814: ; ImmutableOopMap {[144]=Oop [152]=Oop [160]=Oop [168]=Oop }
                      ;*checkcast {reexecute=0 rethrow=0 return_oop=0}
                      ; - jdk.internal.loader.Resource::getByteBuffer@13 (line 135)
                      ; - jdk.internal.loader.BuiltinClassLoader::defineClass@45 (line 767)
                      ;   {runtime_call C1 Runtime throw_null_pointer_exception_blob}
  0x00000260a3259814: 07e8 461f 

  0x00000260a3259818: ; ImmutableOopMap {rdx=Oop [144]=Oop [152]=Oop [160]=Oop [168]=Oop }
                      ;*invokeinterface getByteBuffer {reexecute=0 rethrow=0 return_oop=0}
                      ; - jdk.internal.loader.Resource::getByteBuffer@16 (line 135)
                      ; - jdk.internal.loader.BuiltinClassLoader::defineClass@45 (line 767)
  0x00000260a3259818: 4907 488b 

  0x00000260a325981c: ;   {runtime_call C1 Runtime fast_new_instance_blob}
  0x00000260a325981c: d2e8 3e16 

  0x00000260a3259820: ; ImmutableOopMap {r9=Oop [144]=Oop [160]=Oop [168]=Oop [184]=Oop }
                      ;*new {reexecute=0 rethrow=0 return_oop=0}
                      ; - jdk.internal.loader.BuiltinClassLoader::defineClass@61 (line 770)
  0x00000260a3259820: 4907 e9f4 

  0x00000260a3259824: ;   {internal_word}
  0x00000260a3259824: f9ff ff49 | ba24 9325 | a360 0200 | 004d 8997 | e004 0000 

  0x00000260a3259838: ;   {runtime_call SafepointBlob}
  0x00000260a3259838: e923 7745 | 0748 8bd2 

  0x00000260a3259840: ;   {runtime_call C1 Runtime fast_new_instance_blob}
  0x00000260a3259840: e81b 1649 

  0x00000260a3259844: ; ImmutableOopMap {r9=Oop [144]=Oop [160]=Oop [168]=Oop [200]=Oop }
                      ;*new {reexecute=0 rethrow=0 return_oop=0}
                      ; - jdk.internal.loader.BuiltinClassLoader::defineClass@95 (line 775)
  0x00000260a3259844: 07e9 b1fc 

  0x00000260a3259848: ;   {runtime_call C1 Runtime throw_null_pointer_exception_blob}
  0x00000260a3259848: ffff e811 

  0x00000260a325984c: ; ImmutableOopMap {rax=Oop [144]=Oop [160]=Oop [208]=Oop }
                      ;*arraylength {reexecute=0 rethrow=0 return_oop=0}
                      ; - jdk.internal.loader.BuiltinClassLoader::defineClass@114 (line 776)
                      ;   {internal_word}
  0x00000260a325984c: 1f49 0749 | ba0c 9625 | a360 0200 | 004d 8997 | e004 0000 

  0x00000260a3259860: ;   {runtime_call SafepointBlob}
  0x00000260a3259860: e9fb 7645 | 0748 8d84 | 24d8 0000 | 0048 8904 

  0x00000260a3259870: ;   {runtime_call C1 Runtime monitorexit_nofpu_blob}
  0x00000260a3259870: 24e8 6a43 | 5207 e915 | feff ff49 | 8b87 8805 | 0000 49c7 | 8788 0500 | 0000 0000 | 0049 c787 
  0x00000260a3259890: 9005 0000 | 0000 0000 | 4881 c4f0 | 0000 005d 

  0x00000260a32598a0: ;   {runtime_call C1 Runtime unwind_exception_blob}
  0x00000260a32598a0: e9bb 2d49 | 07f4 f4f4 
[Stub Code]
  0x00000260a32598a8: ;   {other}
  0x00000260a32598a8: 0f1f 4400 

  0x00000260a32598ac: ;   {static_stub}
  0x00000260a32598ac: 0048 bb00 | 0000 0000 

  0x00000260a32598b4: ;   {runtime_call nmethod}
  0x00000260a32598b4: 0000 00e9 | fbff ffff 

  0x00000260a32598bc: ;   {static_stub}
  0x00000260a32598bc: 9048 bb00 | 0000 0000 

  0x00000260a32598c4: ;   {runtime_call nmethod}
  0x00000260a32598c4: 0000 00e9 | fbff ffff 

  0x00000260a32598cc: ;   {static_stub}
  0x00000260a32598cc: 9048 bb00 | 0000 0000 

  0x00000260a32598d4: ;   {runtime_call nmethod}
  0x00000260a32598d4: 0000 00e9 | fbff ffff 

  0x00000260a32598dc: ;   {static_stub}
  0x00000260a32598dc: 9048 bb00 | 0000 0000 

  0x00000260a32598e4: ;   {runtime_call nmethod}
  0x00000260a32598e4: 0000 00e9 | fbff ffff 

  0x00000260a32598ec: ;   {static_stub}
  0x00000260a32598ec: 9048 bb00 | 0000 0000 

  0x00000260a32598f4: ;   {runtime_call nmethod}
  0x00000260a32598f4: 0000 00e9 | fbff ffff 

  0x00000260a32598fc: ;   {static_stub}
  0x00000260a32598fc: 9048 bb00 | 0000 0000 

  0x00000260a3259904: ;   {runtime_call nmethod}
  0x00000260a3259904: 0000 00e9 | fbff ffff 

  0x00000260a325990c: ;   {static_stub}
  0x00000260a325990c: 9048 bb00 | 0000 0000 

  0x00000260a3259914: ;   {runtime_call nmethod}
  0x00000260a3259914: 0000 00e9 | fbff ffff 

  0x00000260a325991c: ;   {static_stub}
  0x00000260a325991c: 9048 bb00 | 0000 0000 

  0x00000260a3259924: ;   {runtime_call nmethod}
  0x00000260a3259924: 0000 00e9 | fbff ffff 

  0x00000260a325992c: ;   {static_stub}
  0x00000260a325992c: 48bb 0000 | 0000 0000 

  0x00000260a3259934: ;   {runtime_call nmethod}
  0x00000260a3259934: 0000 e9fb 

  0x00000260a3259938: ;   {static_stub}
  0x00000260a3259938: ffff ff48 | bb00 0000 | 0000 0000 

  0x00000260a3259944: ;   {runtime_call nmethod}
  0x00000260a3259944: 00e9 fbff 

  0x00000260a3259948: ;   {static_stub}
  0x00000260a3259948: ffff 48bb | 0000 0000 | 0000 0000 

  0x00000260a3259954: ;   {runtime_call nmethod}
  0x00000260a3259954: e9fb ffff 

  0x00000260a3259958: ;   {static_stub}
  0x00000260a3259958: ff48 bba0 | 981c 3300 

  0x00000260a3259960: ;   {runtime_call I2C/C2I adapters}
  0x00000260a3259960: 0000 00e9 | d239 4507 

  0x00000260a3259968: ;   {static_stub}
  0x00000260a3259968: 48bb 0000 | 0000 0000 

  0x00000260a3259970: ;   {runtime_call nmethod}
  0x00000260a3259970: 0000 e9fb 

  0x00000260a3259974: ;   {static_stub}
  0x00000260a3259974: ffff ff48 | bb98 a71c | 3300 0000 

  0x00000260a3259980: ;   {runtime_call I2C/C2I adapters}
  0x00000260a3259980: 00e9 bebf 

  0x00000260a3259984: ;   {runtime_call C1 Runtime handle_exception_from_callee_blob}
  0x00000260a3259984: 4407 e8d5 

  0x00000260a3259988: ;   {external_word}
  0x00000260a3259988: ff48 0748 | b980 11f6 | f6fd 7f00 | 0048 83e4 

  0x00000260a3259998: ;   {runtime_call}
  0x00000260a3259998: f048 b8d0 | 8fb0 f6fd | 7f00 00ff 

  0x00000260a32599a4: ;   {section_word}
  0x00000260a32599a4: d0f4 49ba | a699 25a3 | 6002 0000 

  0x00000260a32599b0: ;   {runtime_call DeoptimizationBlob}
  0x00000260a32599b0: 4152 e9a9 | 7845 07f4 
[/MachCode]


---------------  P R O C E S S  ---------------

Threads class SMR info:
_java_thread_list=0x00000260be7be0a0, length=29, elements={
0x00000260b6d50740, 0x00000260b6d52560, 0x00000260b6d54df0, 0x00000260b6d569c0,
0x00000260b6d57580, 0x00000260b6d58140, 0x00000260b6d59030, 0x00000260b6dd4370,
0x00000260bb009890, 0x00000260bb018340, 0x00000260bccca560, 0x00000260bca80410,
0x00000260bc4248b0, 0x00000260bc4221a0, 0x00000260bc4267f0, 0x00000260bc422970,
0x00000260bca7bdc0, 0x00000260bca7fc40, 0x00000260bca813b0, 0x00000260bca7eca0,
0x00000260bca832f0, 0x00000260bca82350, 0x00000260bca7e4d0, 0x00000260bca7f470,
0x00000260bbd8cea0, 0x00000260bbd89020, 0x00000260bbd86910, 0x00000260bfc6a260,
0x00000260bfc64c70
}

Java Threads: ( => current thread )
  0x00000260b6d50740 JavaThread "Reference Handler"          daemon [_thread_blocked, id=14488, stack(0x000000a2e0700000,0x000000a2e0800000) (1024K)]
  0x00000260b6d52560 JavaThread "Finalizer"                  daemon [_thread_blocked, id=4632, stack(0x000000a2e0800000,0x000000a2e0900000) (1024K)]
  0x00000260b6d54df0 JavaThread "Signal Dispatcher"          daemon [_thread_blocked, id=11792, stack(0x000000a2e0900000,0x000000a2e0a00000) (1024K)]
  0x00000260b6d569c0 JavaThread "Attach Listener"            daemon [_thread_blocked, id=4364, stack(0x000000a2e0a00000,0x000000a2e0b00000) (1024K)]
  0x00000260b6d57580 JavaThread "Service Thread"             daemon [_thread_blocked, id=2872, stack(0x000000a2e0b00000,0x000000a2e0c00000) (1024K)]
  0x00000260b6d58140 JavaThread "Monitor Deflation Thread"   daemon [_thread_blocked, id=13580, stack(0x000000a2e0c00000,0x000000a2e0d00000) (1024K)]
  0x00000260b6d59030 JavaThread "C2 CompilerThread0"         daemon [_thread_blocked, id=13460, stack(0x000000a2e0d00000,0x000000a2e0e00000) (1024K)]
  0x00000260b6dd4370 JavaThread "C1 CompilerThread0"         daemon [_thread_blocked, id=12508, stack(0x000000a2e0e00000,0x000000a2e0f00000) (1024K)]
  0x00000260bb009890 JavaThread "Notification Thread"        daemon [_thread_blocked, id=10840, stack(0x000000a2e0f00000,0x000000a2e1000000) (1024K)]
  0x00000260bb018340 JavaThread "Common-Cleaner"             daemon [_thread_blocked, id=1284, stack(0x000000a2e1000000,0x000000a2e1100000) (1024K)]
  0x00000260bccca560 JavaThread "mysql-cj-abandoned-connection-cleanup" daemon [_thread_blocked, id=11984, stack(0x000000a2e1a00000,0x000000a2e1b00000) (1024K)]
  0x00000260bca80410 JavaThread "DestroyJavaVM"                     [_thread_blocked, id=14824, stack(0x000000a2dff00000,0x000000a2e0000000) (1024K)]
  0x00000260bc4248b0 JavaThread "Catalina-utility-1"                [_thread_blocked, id=14652, stack(0x000000a2e1300000,0x000000a2e1400000) (1024K)]
  0x00000260bc4221a0 JavaThread "Catalina-utility-2"                [_thread_blocked, id=4100, stack(0x000000a2e1700000,0x000000a2e1800000) (1024K)]
  0x00000260bc4267f0 JavaThread "container-0"                       [_thread_blocked, id=10784, stack(0x000000a2e1800000,0x000000a2e1900000) (1024K)]
  0x00000260bc422970 JavaThread "HikariPool-2:housekeeper"   daemon [_thread_blocked, id=12964, stack(0x000000a2e1900000,0x000000a2e1a00000) (1024K)]
  0x00000260bca7bdc0 JavaThread "File Watcher"               daemon [_thread_blocked, id=2420, stack(0x000000a2e1c00000,0x000000a2e1d00000) (1024K)]
  0x00000260bca7fc40 JavaThread "http-nio-8080-exec-1"       daemon [_thread_blocked, id=11748, stack(0x000000a2e1d00000,0x000000a2e1e00000) (1024K)]
  0x00000260bca813b0 JavaThread "http-nio-8080-exec-2"       daemon [_thread_blocked, id=14224, stack(0x000000a2e1e00000,0x000000a2e1f00000) (1024K)]
=>0x00000260bca7eca0 JavaThread "http-nio-8080-exec-3"       daemon [_thread_in_vm, id=13400, stack(0x000000a2e1f00000,0x000000a2e2000000) (1024K)]
  0x00000260bca832f0 JavaThread "http-nio-8080-exec-4"       daemon [_thread_blocked, id=12924, stack(0x000000a2e2000000,0x000000a2e2100000) (1024K)]
  0x00000260bca82350 JavaThread "http-nio-8080-exec-5"       daemon [_thread_blocked, id=5304, stack(0x000000a2e2100000,0x000000a2e2200000) (1024K)]
  0x00000260bca7e4d0 JavaThread "http-nio-8080-exec-6"       daemon [_thread_blocked, id=5184, stack(0x000000a2e2200000,0x000000a2e2300000) (1024K)]
  0x00000260bca7f470 JavaThread "http-nio-8080-exec-7"       daemon [_thread_blocked, id=2544, stack(0x000000a2e2300000,0x000000a2e2400000) (1024K)]
  0x00000260bbd8cea0 JavaThread "http-nio-8080-exec-8"       daemon [_thread_blocked, id=10624, stack(0x000000a2e2400000,0x000000a2e2500000) (1024K)]
  0x00000260bbd89020 JavaThread "http-nio-8080-exec-9"       daemon [_thread_blocked, id=13096, stack(0x000000a2e2500000,0x000000a2e2600000) (1024K)]
  0x00000260bbd86910 JavaThread "http-nio-8080-exec-10"      daemon [_thread_blocked, id=8436, stack(0x000000a2e2600000,0x000000a2e2700000) (1024K)]
  0x00000260bfc6a260 JavaThread "http-nio-8080-Poller"       daemon [_thread_in_native, id=5536, stack(0x000000a2e2700000,0x000000a2e2800000) (1024K)]
  0x00000260bfc64c70 JavaThread "http-nio-8080-Acceptor"     daemon [_thread_in_native, id=12948, stack(0x000000a2e2800000,0x000000a2e2900000) (1024K)]
Total: 29

Other Threads:
  0x00000260b6d3d270 VMThread "VM Thread"                           [id=14932, stack(0x000000a2e0600000,0x000000a2e0700000) (1024K)]
  0x00000260b6d2f100 WatcherThread "VM Periodic Task Thread"        [id=8916, stack(0x000000a2e0500000,0x000000a2e0600000) (1024K)]
  0x000002609a669c30 WorkerThread "GC Thread#0"                     [id=12576, stack(0x000000a2e0000000,0x000000a2e0100000) (1024K)]
  0x00000260bbd51c20 WorkerThread "GC Thread#1"                     [id=1556, stack(0x000000a2e1400000,0x000000a2e1500000) (1024K)]
  0x00000260bbd52050 WorkerThread "GC Thread#2"                     [id=8968, stack(0x000000a2e1500000,0x000000a2e1600000) (1024K)]
  0x00000260bbd52480 WorkerThread "GC Thread#3"                     [id=13272, stack(0x000000a2e1600000,0x000000a2e1700000) (1024K)]
  0x000002609a682880 ConcurrentGCThread "G1 Main Marker"            [id=11568, stack(0x000000a2e0100000,0x000000a2e0200000) (1024K)]
  0x000002609a683420 WorkerThread "G1 Conc#0"                       [id=5356, stack(0x000000a2e0200000,0x000000a2e0300000) (1024K)]
  0x000002609a6b7bd0 ConcurrentGCThread "G1 Refine#0"               [id=10060, stack(0x000000a2e0300000,0x000000a2e0400000) (1024K)]
  0x000002609a6b87e0 ConcurrentGCThread "G1 Service"                [id=14476, stack(0x000000a2e0400000,0x000000a2e0500000) (1024K)]
Total: 10

Threads with active compile tasks:
Total: 0

VM state: not at safepoint (normal execution)

VM Mutex/Monitor currently owned by a thread:  ([mutex/lock_event])
[0x00007ffdf72564d0] Metaspace_lock - owner thread: 0x00000260bca7eca0

Heap address: 0x0000000081800000, size: 2024 MB, Compressed Oops mode: 32-bit

CDS archive(s) mapped at: [0x0000000033000000-0x0000000033db0000-0x0000000033db0000), size 14352384, SharedBaseAddress: 0x0000000033000000, ArchiveRelocationMode: 1.
Compressed class space mapped at: 0x0000000034000000-0x0000000074000000, reserved size: 1073741824
UseCompressedClassPointers 1, UseCompactObjectHeaders 0
Narrow klass pointer bits 32, Max shift 3
Narrow klass base: 0x0000000033000000, Narrow klass shift: 0
Encoding Range: [0x0000000033000000 - 0x0000000133000000), (4294967296 bytes)
Klass Range:    [0x0000000033010000 - 0x0000000074000000), (1090453504 bytes)
Klass ID Range:  [65536 - 1090519033) (1090453497)
Protection zone: [0x0000000033000000 - 0x0000000033010000), (65536 bytes)

GC Precious Log:
 CardTable entry size: 512
 Card Set container configuration: InlinePtr #cards 5 size 8 Array Of Cards #cards 10 size 36 Howl #buckets 4 coarsen threshold 1843 Howl Bitmap #cards 512 size 80 coarsen threshold 460 Card regions per heap region 1 cards per card region 2048
 CPUs: 4 total, 4 available
 Memory: 8088M
 Large Page Support: Disabled
 NUMA Support: Disabled
 Compressed Oops: Enabled (32-bit)
 Heap Region Size: 1M
 Heap Min Capacity: 8M
 Heap Initial Capacity: 128M
 Heap Max Capacity: 2024M
 Pre-touch: Disabled
 Parallel Workers: 4
 Concurrent Workers: 1
 Concurrent Refinement Workers: 4
 Periodic GC: Disabled

Heap:
 garbage-first heap   total reserved 2072576K, committed 52224K, used 35323K [0x0000000081800000, 0x0000000100000000)
  region size 1024K, 9 young (9216K), 2 survivors (2048K)

Heap Regions: E=young(eden), S=young(survivor), O=old, HS=humongous(starts), HC=humongous(continues), CS=collection set, F=free, TAMS=top-at-mark-start, PB=parsable bottom
|   0|0x0000000081800000, 0x0000000081900000, 0x0000000081900000|100%|HS|  |TAMS 0x0000000081800000| PB 0x0000000081800000| Complete |  0
|   1|0x0000000081900000, 0x0000000081a00000, 0x0000000081a00000|100%| O|  |TAMS 0x0000000081900000| PB 0x0000000081900000| Untracked |  0
|   2|0x0000000081a00000, 0x0000000081b00000, 0x0000000081b00000|100%| O|  |TAMS 0x0000000081a00000| PB 0x0000000081a00000| Untracked |  0
|   3|0x0000000081b00000, 0x0000000081bffff0, 0x0000000081c00000| 99%| O|  |TAMS 0x0000000081b00000| PB 0x0000000081b00000| Untracked |  0
|   4|0x0000000081c00000, 0x0000000081cfffa8, 0x0000000081d00000| 99%| O|  |TAMS 0x0000000081c00000| PB 0x0000000081c00000| Untracked |  0
|   5|0x0000000081d00000, 0x0000000081e00000, 0x0000000081e00000|100%| O|  |TAMS 0x0000000081d00000| PB 0x0000000081d00000| Untracked |  0
|   6|0x0000000081e00000, 0x0000000081effff8, 0x0000000081f00000| 99%| O|  |TAMS 0x0000000081e00000| PB 0x0000000081e00000| Untracked |  0
|   7|0x0000000081f00000, 0x0000000082000000, 0x0000000082000000|100%| O|  |TAMS 0x0000000081f00000| PB 0x0000000081f00000| Untracked |  0
|   8|0x0000000082000000, 0x0000000082100000, 0x0000000082100000|100%| O|  |TAMS 0x0000000082000000| PB 0x0000000082000000| Untracked |  0
|   9|0x0000000082100000, 0x0000000082200000, 0x0000000082200000|100%| O|  |TAMS 0x0000000082100000| PB 0x0000000082100000| Untracked |  0
|  10|0x0000000082200000, 0x00000000822ffff8, 0x0000000082300000| 99%| O|  |TAMS 0x0000000082200000| PB 0x0000000082200000| Untracked |  0
|  11|0x0000000082300000, 0x00000000823fffc0, 0x0000000082400000| 99%| O|  |TAMS 0x0000000082300000| PB 0x0000000082300000| Untracked |  0
|  12|0x0000000082400000, 0x00000000824fffe8, 0x0000000082500000| 99%| O|  |TAMS 0x0000000082400000| PB 0x0000000082400000| Untracked |  0
|  13|0x0000000082500000, 0x0000000082600000, 0x0000000082600000|100%| O|  |TAMS 0x0000000082500000| PB 0x0000000082500000| Untracked |  0
|  14|0x0000000082600000, 0x00000000826fffe8, 0x0000000082700000| 99%| O|  |TAMS 0x0000000082600000| PB 0x0000000082600000| Untracked |  0
|  15|0x0000000082700000, 0x00000000827fffd0, 0x0000000082800000| 99%| O|  |TAMS 0x0000000082700000| PB 0x0000000082700000| Untracked |  0
|  16|0x0000000082800000, 0x00000000828fffe8, 0x0000000082900000| 99%| O|  |TAMS 0x0000000082800000| PB 0x0000000082800000| Untracked |  0
|  17|0x0000000082900000, 0x0000000082a00000, 0x0000000082a00000|100%| O|  |TAMS 0x0000000082900000| PB 0x0000000082900000| Untracked |  0
|  18|0x0000000082a00000, 0x0000000082affff0, 0x0000000082b00000| 99%| O|  |TAMS 0x0000000082a00000| PB 0x0000000082a00000| Untracked |  0
|  19|0x0000000082b00000, 0x0000000082bfffb8, 0x0000000082c00000| 99%| O|  |TAMS 0x0000000082b00000| PB 0x0000000082b00000| Untracked |  0
|  20|0x0000000082c00000, 0x0000000082d00000, 0x0000000082d00000|100%| O|  |TAMS 0x0000000082c00000| PB 0x0000000082c00000| Untracked |  0
|  21|0x0000000082d00000, 0x0000000082dffff8, 0x0000000082e00000| 99%| O|  |TAMS 0x0000000082d00000| PB 0x0000000082d00000| Untracked |  0
|  22|0x0000000082e00000, 0x0000000082ed69a8, 0x0000000082f00000| 83%| O|  |TAMS 0x0000000082e00000| PB 0x0000000082e00000| Untracked |  0
|  23|0x0000000082f00000, 0x0000000082f00000, 0x0000000083000000|  0%| F|  |TAMS 0x0000000082f00000| PB 0x0000000082f00000| Untracked |  0
|  24|0x0000000083000000, 0x0000000083063a30, 0x0000000083100000| 38%| O|  |TAMS 0x0000000083000000| PB 0x0000000083000000| Untracked |  0
|  25|0x0000000083100000, 0x0000000083200000, 0x0000000083200000|100%| O|  |TAMS 0x0000000083100000| PB 0x0000000083100000| Untracked |  0
|  26|0x0000000083200000, 0x0000000083300000, 0x0000000083300000|100%| O|  |TAMS 0x0000000083200000| PB 0x0000000083200000| Untracked |  0
|  27|0x0000000083300000, 0x0000000083400000, 0x0000000083400000|100%| O|  |TAMS 0x0000000083300000| PB 0x0000000083300000| Untracked |  0
|  28|0x0000000083400000, 0x00000000834c3610, 0x0000000083500000| 76%| O|  |TAMS 0x0000000083400000| PB 0x0000000083400000| Untracked |  0
|  29|0x0000000083500000, 0x0000000083581660, 0x0000000083600000| 50%| S|CS|TAMS 0x0000000083500000| PB 0x0000000083500000| Complete |  0
|  30|0x0000000083600000, 0x0000000083600000, 0x0000000083700000|  0%| F|  |TAMS 0x0000000083600000| PB 0x0000000083600000| Untracked |  0
|  31|0x0000000083700000, 0x0000000083700000, 0x0000000083800000|  0%| F|  |TAMS 0x0000000083700000| PB 0x0000000083700000| Untracked |  0
|  32|0x0000000083800000, 0x0000000083900000, 0x0000000083900000|100%| S|CS|TAMS 0x0000000083800000| PB 0x0000000083800000| Complete |  0
|  33|0x0000000083900000, 0x0000000083900000, 0x0000000083a00000|  0%| F|  |TAMS 0x0000000083900000| PB 0x0000000083900000| Untracked |  0
|  34|0x0000000083a00000, 0x0000000083a00000, 0x0000000083b00000|  0%| F|  |TAMS 0x0000000083a00000| PB 0x0000000083a00000| Untracked |  0
|  35|0x0000000083b00000, 0x0000000083b00000, 0x0000000083c00000|  0%| F|  |TAMS 0x0000000083b00000| PB 0x0000000083b00000| Untracked |  0
|  36|0x0000000083c00000, 0x0000000083c00000, 0x0000000083d00000|  0%| F|  |TAMS 0x0000000083c00000| PB 0x0000000083c00000| Untracked |  0
|  37|0x0000000083d00000, 0x0000000083d00000, 0x0000000083e00000|  0%| F|  |TAMS 0x0000000083d00000| PB 0x0000000083d00000| Untracked |  0
|  38|0x0000000083e00000, 0x0000000083e00000, 0x0000000083f00000|  0%| F|  |TAMS 0x0000000083e00000| PB 0x0000000083e00000| Untracked |  0
|  39|0x0000000083f00000, 0x0000000083f00000, 0x0000000084000000|  0%| F|  |TAMS 0x0000000083f00000| PB 0x0000000083f00000| Untracked |  0
|  40|0x0000000084000000, 0x0000000084000000, 0x0000000084100000|  0%| F|  |TAMS 0x0000000084000000| PB 0x0000000084000000| Untracked |  0
|  41|0x0000000084100000, 0x0000000084100000, 0x0000000084200000|  0%| F|  |TAMS 0x0000000084100000| PB 0x0000000084100000| Untracked |  0
| 104|0x0000000088000000, 0x0000000088000000, 0x0000000088100000|  0%| F|  |TAMS 0x0000000088000000| PB 0x0000000088000000| Untracked |  0
| 105|0x0000000088100000, 0x0000000088123d68, 0x0000000088200000| 13%| E|  |TAMS 0x0000000088100000| PB 0x0000000088100000| Complete |  0
| 106|0x0000000088200000, 0x0000000088300000, 0x0000000088300000|100%| E|CS|TAMS 0x0000000088200000| PB 0x0000000088200000| Complete |  0
| 107|0x0000000088300000, 0x0000000088400000, 0x0000000088400000|100%| E|  |TAMS 0x0000000088300000| PB 0x0000000088300000| Complete |  0
| 108|0x0000000088400000, 0x0000000088500000, 0x0000000088500000|100%| E|CS|TAMS 0x0000000088400000| PB 0x0000000088400000| Complete |  0
| 109|0x0000000088500000, 0x0000000088600000, 0x0000000088600000|100%| E|CS|TAMS 0x0000000088500000| PB 0x0000000088500000| Complete |  0
| 127|0x0000000089700000, 0x0000000089800000, 0x0000000089800000|100%| E|CS|TAMS 0x0000000089700000| PB 0x0000000089700000| Complete |  0
|2022|0x00000000ffe00000, 0x00000000fff00000, 0x00000000fff00000|100%| O|  |TAMS 0x00000000ffe00000| PB 0x00000000ffe00000| Untracked |  0
|2023|0x00000000fff00000, 0x0000000100000000, 0x0000000100000000|100%| E|CS|TAMS 0x00000000fff00000| PB 0x00000000fff00000| Complete |  0

Card table byte_map: [0x00000260b2540000,0x00000260b2940000] _byte_map_base: 0x00000260b2134000

Marking Bits: (CMBitMap*) 0x000002609a66a3c0
 Bits: [0x00000260b2940000, 0x00000260b48e0000)

Polling page: 0x0000026099de0000

Metaspace:
Metaspace        used 71467K, committed 71936K, reserved 1114112K
 class space     used 10100K, committed 10304K, reserved 1048576K

Usage:
  Non-class:     59.93 MB used.
      Class:      9.86 MB used.
       Both:     69.79 MB used.

Virtual space:
  Non-class space:       64.00 MB reserved,      60.19 MB ( 94%) committed,  1 nodes.
      Class space:        1.00 GB reserved,      10.06 MB ( <1%) committed,  1 nodes.
             Both:        1.06 GB reserved,      70.25 MB (  6%) committed. 

Chunk freelists:
   Non-Class:  3.61 MB
       Class:  5.75 MB
        Both:  9.36 MB

MaxMetaspaceSize: unlimited
CompressedClassSpaceSize: 1.00 GB
Initial GC threshold: 21.00 MB
Current GC threshold: 113.12 MB
CDS: on
 - commit_granule_bytes: 65536.
 - commit_granule_words: 8192.
 - virtual_space_node_default_size: 8388608.
 - enlarge_chunks_in_place: 1.
UseCompressedClassPointers 1, UseCompactObjectHeaders 0
Narrow klass pointer bits 32, Max shift 3
Narrow klass base: 0x0000000033000000, Narrow klass shift: 0
Encoding Range: [0x0000000033000000 - 0x0000000133000000), (4294967296 bytes)
Klass Range:    [0x0000000033010000 - 0x0000000074000000), (1090453504 bytes)
Klass ID Range:  [65536 - 1090519033) (1090453497)
Protection zone: [0x0000000033000000 - 0x0000000033010000), (65536 bytes)


Internal statistics:

num_allocs_failed_limit: 9.
num_arena_births: 696.
num_arena_deaths: 0.
num_vsnodes_births: 2.
num_vsnodes_deaths: 0.
num_space_committed: 1124.
num_space_uncommitted: 0.
num_chunks_returned_to_freelist: 9.
num_chunks_taken_from_freelist: 3127.
num_chunk_merges: 9.
num_chunk_splits: 2288.
num_chunks_enlarged: 1885.
num_inconsistent_stats: 0.

CodeHeap 'non-profiled nmethods': size=120064Kb used=3362Kb max_used=3362Kb free=116701Kb
 bounds [0x00000260aac00000, 0x00000260aaf50000, 0x00000260b2140000]
CodeHeap 'profiled nmethods': size=120064Kb used=10513Kb max_used=10513Kb free=109550Kb
 bounds [0x00000260a3120000, 0x00000260a3b70000, 0x00000260aa660000]
CodeHeap 'non-nmethods': size=5760Kb used=1656Kb max_used=1722Kb free=4103Kb
 bounds [0x00000260aa660000, 0x00000260aa8d0000, 0x00000260aac00000]
CodeCache: size=245888Kb, used=15531Kb, max_used=15597Kb, free=230354Kb
 total_blobs=7314, nmethods=6541, adapters=676, full_count=0
Compilation: enabled, stopped_count=0, restarted_count=0

Compilation events (20 events):
Event: 888.553 Thread 0x00000260b6dd4370 nmethod 7732 0x00000260a3b63608 code [0x00000260a3b63700, 0x00000260a3b639c8]
Event: 888.553 Thread 0x00000260b6dd4370 7733   !   3       org.apache.tomcat.util.http.parser.HttpParser::isControl (9 bytes)
Event: 888.553 Thread 0x00000260b6dd4370 nmethod 7733 0x00000260a3b63a08 code [0x00000260a3b63b00, 0x00000260a3b63c60]
Event: 888.615 Thread 0x00000260b6d59030 nmethod 7728 0x00000260aaf42d08 code [0x00000260aaf42e20, 0x00000260aaf45748]
Event: 888.657 Thread 0x00000260b6d59030 7734 %     4       java.util.Properties$LineReader::readLine @ 293 (584 bytes)
Event: 888.659 Thread 0x00000260b6dd4370 7735       3       java.util.ResourceBundle$KeyElementReference::<init> (12 bytes)
Event: 888.659 Thread 0x00000260b6dd4370 nmethod 7735 0x00000260a3b63d08 code [0x00000260a3b63e00, 0x00000260a3b64180]
Event: 888.660 Thread 0x00000260b6dd4370 7736       3       java.util.logging.LogManager$LoggerContext::getGlobalLogger (6 bytes)
Event: 888.660 Thread 0x00000260b6dd4370 nmethod 7736 0x00000260a3b64188 code [0x00000260a3b64280, 0x00000260a3b64390]
Event: 888.687 Thread 0x00000260b6dd4370 7738       1       org.apache.tomcat.util.http.MimeHeaderField::getName (5 bytes)
Event: 888.687 Thread 0x00000260b6dd4370 nmethod 7738 0x00000260aaf45788 code [0x00000260aaf45880, 0x00000260aaf45948]
Event: 888.710 Thread 0x00000260b6dd4370 7740       1       org.springframework.http.server.PathContainer$Options::separator (5 bytes)
Event: 888.710 Thread 0x00000260b6dd4370 nmethod 7740 0x00000260aaf45a88 code [0x00000260aaf45b80, 0x00000260aaf45c50]
Event: 888.721 Thread 0x00000260b6d59030 nmethod 7734% 0x00000260aaf45d88 code [0x00000260aaf45e80, 0x00000260aaf478d8]
Event: 888.721 Thread 0x00000260b6d59030 7739       4       java.util.Arrays::fill (21 bytes)
Event: 888.728 Thread 0x00000260b6d59030 nmethod 7739 0x00000260aaf47908 code [0x00000260aaf47a00, 0x00000260aaf48330]
Event: 888.728 Thread 0x00000260b6d59030 7737       4       java.lang.ThreadLocal::get (35 bytes)
Event: 888.731 Thread 0x00000260b6d59030 nmethod 7737 0x00000260aaf48388 code [0x00000260aaf48480, 0x00000260aaf48608]
Event: 888.759 Thread 0x00000260b6d59030 7741       4       java.util.concurrent.CopyOnWriteArrayList::get (9 bytes)
Event: 888.760 Thread 0x00000260b6d59030 nmethod 7741 0x00000260aaf48688 code [0x00000260aaf48780, 0x00000260aaf48838]

GC Heap Usage History (20 events):
Event: 26.525 {heap Before GC invocations=10 (full 0):
 garbage-first heap   total reserved 2072576K, committed 51200K, used 43178K [0x0000000081800000, 0x0000000100000000)
  region size 1024K, 23 young (23552K), 3 survivors (3072K)
}
Event: 26.535 {heap After GC invocations=11 (full 0):
 garbage-first heap   total reserved 2072576K, committed 51200K, used 24192K [0x0000000081800000, 0x0000000100000000)
  region size 1024K, 2 young (2048K), 2 survivors (2048K)
}
Event: 27.726 {heap Before GC invocations=11 (full 0):
 garbage-first heap   total reserved 2072576K, committed 51200K, used 42624K [0x0000000081800000, 0x0000000100000000)
  region size 1024K, 21 young (21504K), 2 survivors (2048K)
}
Event: 27.733 {heap After GC invocations=12 (full 0):
 garbage-first heap   total reserved 2072576K, committed 51200K, used 25471K [0x0000000081800000, 0x0000000100000000)
  region size 1024K, 2 young (2048K), 2 survivors (2048K)
}
Event: 28.323 {heap Before GC invocations=12 (full 0):
 garbage-first heap   total reserved 2072576K, committed 51200K, used 32639K [0x0000000081800000, 0x0000000100000000)
  region size 1024K, 11 young (11264K), 2 survivors (2048K)
}
Event: 28.328 {heap After GC invocations=13 (full 0):
 garbage-first heap   total reserved 2072576K, committed 51200K, used 25853K [0x0000000081800000, 0x0000000100000000)
  region size 1024K, 2 young (2048K), 2 survivors (2048K)
}
Event: 29.580 {heap Before GC invocations=14 (full 0):
 garbage-first heap   total reserved 2072576K, committed 51200K, used 45309K [0x0000000081800000, 0x0000000100000000)
  region size 1024K, 21 young (21504K), 2 survivors (2048K)
}
Event: 29.585 {heap After GC invocations=15 (full 0):
 garbage-first heap   total reserved 2072576K, committed 51200K, used 27035K [0x0000000081800000, 0x0000000100000000)
  region size 1024K, 3 young (3072K), 3 survivors (3072K)
}
Event: 30.831 {heap Before GC invocations=15 (full 0):
 garbage-first heap   total reserved 2072576K, committed 51200K, used 45467K [0x0000000081800000, 0x0000000100000000)
  region size 1024K, 21 young (21504K), 3 survivors (3072K)
}
Event: 30.840 {heap After GC invocations=16 (full 0):
 garbage-first heap   total reserved 2072576K, committed 51200K, used 28498K [0x0000000081800000, 0x0000000100000000)
  region size 1024K, 3 young (3072K), 3 survivors (3072K)
}
Event: 87.580 {heap Before GC invocations=16 (full 0):
 garbage-first heap   total reserved 2072576K, committed 51200K, used 46930K [0x0000000081800000, 0x0000000100000000)
  region size 1024K, 21 young (21504K), 3 survivors (3072K)
}
Event: 87.605 {heap After GC invocations=17 (full 0):
 garbage-first heap   total reserved 2072576K, committed 52224K, used 29999K [0x0000000081800000, 0x0000000100000000)
  region size 1024K, 2 young (2048K), 2 survivors (2048K)
}
Event: 872.392 {heap Before GC invocations=18 (full 0):
 garbage-first heap   total reserved 2072576K, committed 52224K, used 45359K [0x0000000081800000, 0x0000000100000000)
  region size 1024K, 18 young (18432K), 2 survivors (2048K)
}
Event: 872.481 {heap After GC invocations=19 (full 1):
 garbage-first heap   total reserved 2072576K, committed 52224K, used 25168K [0x0000000081800000, 0x0000000100000000)
  region size 1024K, 0 young (0K), 0 survivors (0K)
}
Event: 873.190 {heap Before GC invocations=19 (full 1):
 garbage-first heap   total reserved 2072576K, committed 52224K, used 44624K [0x0000000081800000, 0x0000000100000000)
  region size 1024K, 20 young (20480K), 0 survivors (0K)
}
Event: 873.197 {heap After GC invocations=20 (full 1):
 garbage-first heap   total reserved 2072576K, committed 52224K, used 27072K [0x0000000081800000, 0x0000000100000000)
  region size 1024K, 2 young (2048K), 2 survivors (2048K)
}
Event: 874.926 {heap Before GC invocations=21 (full 1):
 garbage-first heap   total reserved 2072576K, committed 52224K, used 44480K [0x0000000081800000, 0x0000000100000000)
  region size 1024K, 20 young (20480K), 2 survivors (2048K)
}
Event: 874.932 {heap After GC invocations=22 (full 1):
 garbage-first heap   total reserved 2072576K, committed 52224K, used 28982K [0x0000000081800000, 0x0000000100000000)
  region size 1024K, 2 young (2048K), 2 survivors (2048K)
}
Event: 875.601 {heap Before GC invocations=22 (full 1):
 garbage-first heap   total reserved 2072576K, committed 52224K, used 46390K [0x0000000081800000, 0x0000000100000000)
  region size 1024K, 19 young (19456K), 2 survivors (2048K)
}
Event: 875.607 {heap After GC invocations=23 (full 1):
 garbage-first heap   total reserved 2072576K, committed 52224K, used 30203K [0x0000000081800000, 0x0000000100000000)
  region size 1024K, 2 young (2048K), 2 survivors (2048K)
}

Metaspace Usage History (20 events):
Event: 26.525 {metaspace Before GC invocations=10 (full 0):
 Metaspace       used 50939K, committed 51392K, reserved 1114112K
  class space    used 6997K, committed 7168K, reserved 1048576K
}
Event: 26.535 {metaspace After GC invocations=11 (full 0):
 Metaspace       used 50939K, committed 51392K, reserved 1114112K
  class space    used 6997K, committed 7168K, reserved 1048576K
}
Event: 27.726 {metaspace Before GC invocations=11 (full 0):
 Metaspace       used 56290K, committed 56704K, reserved 1114112K
  class space    used 7657K, committed 7808K, reserved 1048576K
}
Event: 27.733 {metaspace After GC invocations=12 (full 0):
 Metaspace       used 56290K, committed 56704K, reserved 1114112K
  class space    used 7657K, committed 7808K, reserved 1048576K
}
Event: 28.323 {metaspace Before GC invocations=12 (full 0):
 Metaspace       used 59681K, committed 60096K, reserved 1114112K
  class space    used 8409K, committed 8576K, reserved 1048576K
}
Event: 28.328 {metaspace After GC invocations=13 (full 0):
 Metaspace       used 59681K, committed 60096K, reserved 1114112K
  class space    used 8409K, committed 8576K, reserved 1048576K
}
Event: 29.580 {metaspace Before GC invocations=14 (full 0):
 Metaspace       used 63730K, committed 64192K, reserved 1114112K
  class space    used 9097K, committed 9280K, reserved 1048576K
}
Event: 29.585 {metaspace After GC invocations=15 (full 0):
 Metaspace       used 63730K, committed 64192K, reserved 1114112K
  class space    used 9097K, committed 9280K, reserved 1048576K
}
Event: 30.831 {metaspace Before GC invocations=15 (full 0):
 Metaspace       used 66103K, committed 66560K, reserved 1114112K
  class space    used 9479K, committed 9664K, reserved 1048576K
}
Event: 30.840 {metaspace After GC invocations=16 (full 0):
 Metaspace       used 66103K, committed 66560K, reserved 1114112K
  class space    used 9479K, committed 9664K, reserved 1048576K
}
Event: 87.580 {metaspace Before GC invocations=16 (full 0):
 Metaspace       used 68656K, committed 69184K, reserved 1114112K
  class space    used 9850K, committed 10048K, reserved 1048576K
}
Event: 87.605 {metaspace After GC invocations=17 (full 0):
 Metaspace       used 68656K, committed 69184K, reserved 1114112K
  class space    used 9850K, committed 10048K, reserved 1048576K
}
Event: 872.392 {metaspace Before GC invocations=18 (full 0):
 Metaspace       used 68910K, committed 69504K, reserved 1114112K
  class space    used 9881K, committed 10112K, reserved 1048576K
}
Event: 872.481 {metaspace After GC invocations=19 (full 1):
 Metaspace       used 68910K, committed 69504K, reserved 1114112K
  class space    used 9881K, committed 10112K, reserved 1048576K
}
Event: 873.190 {metaspace Before GC invocations=19 (full 1):
 Metaspace       used 69063K, committed 69568K, reserved 1114112K
  class space    used 9884K, committed 10112K, reserved 1048576K
}
Event: 873.197 {metaspace After GC invocations=20 (full 1):
 Metaspace       used 69063K, committed 69568K, reserved 1114112K
  class space    used 9884K, committed 10112K, reserved 1048576K
}
Event: 874.926 {metaspace Before GC invocations=21 (full 1):
 Metaspace       used 69318K, committed 69888K, reserved 1114112K
  class space    used 9887K, committed 10112K, reserved 1048576K
}
Event: 874.932 {metaspace After GC invocations=22 (full 1):
 Metaspace       used 69318K, committed 69888K, reserved 1114112K
  class space    used 9887K, committed 10112K, reserved 1048576K
}
Event: 875.601 {metaspace Before GC invocations=22 (full 1):
 Metaspace       used 69688K, committed 70208K, reserved 1114112K
  class space    used 9897K, committed 10112K, reserved 1048576K
}
Event: 875.607 {metaspace After GC invocations=23 (full 1):
 Metaspace       used 69688K, committed 70208K, reserved 1114112K
  class space    used 9897K, committed 10112K, reserved 1048576K
}

Dll operation events (18 events):
Event: 0.090 Attempting to load shared library C:\Users\tela\Java\zulu25.36.15-ca-jdk25.0.4-win_x64\bin\java.dll
Event: 0.175 Loaded shared library C:\Users\tela\Java\zulu25.36.15-ca-jdk25.0.4-win_x64\bin\java.dll
Event: 0.777 Attempting to load shared library C:\Users\tela\Java\zulu25.36.15-ca-jdk25.0.4-win_x64\bin\net.dll
Event: 0.970 Loaded shared library C:\Users\tela\Java\zulu25.36.15-ca-jdk25.0.4-win_x64\bin\net.dll
Event: 0.975 Attempting to load shared library C:\Users\tela\Java\zulu25.36.15-ca-jdk25.0.4-win_x64\bin\nio.dll
Event: 1.122 Loaded shared library C:\Users\tela\Java\zulu25.36.15-ca-jdk25.0.4-win_x64\bin\nio.dll
Event: 1.128 Attempting to load shared library C:\Users\tela\Java\zulu25.36.15-ca-jdk25.0.4-win_x64\bin\zip.dll
Event: 1.327 Loaded shared library C:\Users\tela\Java\zulu25.36.15-ca-jdk25.0.4-win_x64\bin\zip.dll
Event: 2.017 Attempting to load shared library C:\Users\tela\Java\zulu25.36.15-ca-jdk25.0.4-win_x64\bin\jimage.dll
Event: 2.017 Loaded shared library C:\Users\tela\Java\zulu25.36.15-ca-jdk25.0.4-win_x64\bin\jimage.dll
Event: 3.386 Attempting to load shared library C:\Users\tela\Java\zulu25.36.15-ca-jdk25.0.4-win_x64\bin\management.dll
Event: 3.452 Loaded shared library C:\Users\tela\Java\zulu25.36.15-ca-jdk25.0.4-win_x64\bin\management.dll
Event: 3.454 Attempting to load shared library C:\Users\tela\Java\zulu25.36.15-ca-jdk25.0.4-win_x64\bin\management_ext.dll
Event: 3.486 Loaded shared library C:\Users\tela\Java\zulu25.36.15-ca-jdk25.0.4-win_x64\bin\management_ext.dll
Event: 7.286 Attempting to load shared library C:\Users\tela\Java\zulu25.36.15-ca-jdk25.0.4-win_x64\bin\sunmscapi.dll
Event: 7.391 Loaded shared library C:\Users\tela\Java\zulu25.36.15-ca-jdk25.0.4-win_x64\bin\sunmscapi.dll
Event: 24.042 Attempting to load shared library C:\Users\tela\Java\zulu25.36.15-ca-jdk25.0.4-win_x64\bin\extnet.dll
Event: 24.075 Loaded shared library C:\Users\tela\Java\zulu25.36.15-ca-jdk25.0.4-win_x64\bin\extnet.dll

Deoptimization events (20 events):
Event: 874.826 Thread 0x00000260bc4240e0 DEOPT PACKING pc=0x00000260a38cb556 sp=0x000000a2e12fc130
Event: 874.826 Thread 0x00000260bc4240e0 DEOPT UNPACKING pc=0x00000260aa6b1702 sp=0x000000a2e12fb5f0 mode 0
Event: 875.099 Thread 0x00000260bc4240e0 Uncommon trap: trap_request=0xffffff45 fr.pc=0x00000260aad5b3dc relative=0x00000000000013bc
Event: 875.099 Thread 0x00000260bc4240e0 Uncommon trap: reason=unstable_if action=reinterpret pc=0x00000260aad5b3dc method=jdk.internal.classfile.impl.SplitConstantPool.internalAdd(Ljava/lang/classfile/constantpool/PoolEntry;I)Ljava/lang/classfile/constantpool/PoolEntry; @ 18 c2
Event: 875.099 Thread 0x00000260bc4240e0 DEOPT PACKING pc=0x00000260aad5b3dc sp=0x000000a2e12fd1c0
Event: 875.099 Thread 0x00000260bc4240e0 DEOPT UNPACKING pc=0x00000260aa6e9102 sp=0x000000a2e12fd0c8 mode 2
Event: 875.139 Thread 0x00000260bca7d530 DEOPT PACKING pc=0x00000260a38bb1e6 sp=0x000000a2e1bfde70
Event: 875.139 Thread 0x00000260bca7d530 DEOPT UNPACKING pc=0x00000260aa6b1702 sp=0x000000a2e1bfd2c8 mode 0
Event: 875.143 Thread 0x00000260bca7d530 DEOPT PACKING pc=0x00000260a38b74bd sp=0x000000a2e1bfdf90
Event: 875.143 Thread 0x00000260bca7d530 DEOPT UNPACKING pc=0x00000260aa6b1702 sp=0x000000a2e1bfd410 mode 0
Event: 875.364 Thread 0x00000260bca7d530 DEOPT PACKING pc=0x00000260a38b74bd sp=0x000000a2e1bfdf90
Event: 875.364 Thread 0x00000260bca7d530 DEOPT UNPACKING pc=0x00000260aa6b1702 sp=0x000000a2e1bfd410 mode 0
Event: 875.565 Thread 0x00000260bc4240e0 Uncommon trap: trap_request=0xffffff45 fr.pc=0x00000260aadadf68 relative=0x0000000000002368
Event: 875.565 Thread 0x00000260bc4240e0 Uncommon trap: reason=unstable_if action=reinterpret pc=0x00000260aadadf68 method=org.springframework.core.annotation.AnnotationsScanner.processMethodAnnotations(Ljava/lang/Object;ILjava/lang/reflect/Method;Lorg/springframework/core/annotation/Annotations
Event: 875.565 Thread 0x00000260bc4240e0 DEOPT PACKING pc=0x00000260aadadf68 sp=0x000000a2e12fdd00
Event: 875.565 Thread 0x00000260bc4240e0 DEOPT UNPACKING pc=0x00000260aa6e9102 sp=0x000000a2e12fd9f8 mode 2
Event: 888.649 Thread 0x00000260bca7eca0 Uncommon trap: trap_request=0xffffffc6 fr.pc=0x00000260aae00704 relative=0x0000000000000084
Event: 888.649 Thread 0x00000260bca7eca0 Uncommon trap: reason=bimorphic_or_optimized_type_check action=maybe_recompile pc=0x00000260aae00704 method=java.lang.CharSequence.isEmpty()Z @ 1 c2
Event: 888.649 Thread 0x00000260bca7eca0 DEOPT PACKING pc=0x00000260aae00704 sp=0x000000a2e1ffe720
Event: 888.649 Thread 0x00000260bca7eca0 DEOPT UNPACKING pc=0x00000260aa6e9102 sp=0x000000a2e1ffe6c0 mode 2

Classes loaded (20 events):
Event: 888.311 Loading class java/util/concurrent/Semaphore
Event: 888.311 Loading class java/util/concurrent/Semaphore done
Event: 888.311 Loading class java/util/concurrent/Semaphore$NonfairSync
Event: 888.312 Loading class java/util/concurrent/Semaphore$Sync
Event: 888.312 Loading class java/util/concurrent/Semaphore$Sync done
Event: 888.312 Loading class java/util/concurrent/Semaphore$NonfairSync done
Event: 888.312 Loading class sun/nio/ch/SocketAdaptor
Event: 888.313 Loading class sun/nio/ch/SocketAdaptor done
Event: 888.313 Loading class sun/nio/ch/SocketChannelImpl$DefaultOptionsHolder
Event: 888.313 Loading class sun/nio/ch/SocketChannelImpl$DefaultOptionsHolder done
Event: 888.315 Loading class sun/nio/ch/SelectionKeyImpl
Event: 888.315 Loading class java/nio/channels/spi/AbstractSelectionKey
Event: 888.316 Loading class java/nio/channels/SelectionKey
Event: 888.316 Loading class java/nio/channels/SelectionKey done
Event: 888.316 Loading class java/nio/channels/spi/AbstractSelectionKey done
Event: 888.316 Loading class sun/nio/ch/SelectionKeyImpl done
Event: 888.317 Loading class java/lang/invoke/ConstantBootstraps
Event: 888.317 Loading class java/lang/invoke/ConstantBootstraps done
Event: 888.558 Loading class java/io/Reader$2
Event: 888.559 Loading class java/io/Reader$2 done

Classes unloaded (0 events):
No events

Classes redefined (0 events):
No events

Internal exceptions (20 events):
Event: 872.369 Thread 0x00000260bc426020 Exception <a 'java/io/IOException'{0x00000000839c7760}> (0x00000000839c7760) 
thrown [s\src\hotspot\share\prims\jni.cpp, line 516]
Event: 872.370 Thread 0x00000260bc426020 Exception <a 'java/io/IOException'{0x00000000839c9628}> (0x00000000839c9628) 
thrown [s\src\hotspot\share\prims\jni.cpp, line 516]
Event: 872.382 Thread 0x00000260bca81b80 Implicit null exception at 0x00000260aaca08b9 to 0x00000260aaca0b98
Event: 872.384 Thread 0x00000260bddc88f0 Exception <a 'java/lang/InterruptedException'{0x00000000fff38f68}: sleep interrupted> (0x00000000fff38f68) 
thrown [s\src\hotspot\share\prims\jvm.cpp, line 2917]
Event: 872.499 Thread 0x00000260bc4240e0 Exception <a 'sun/nio/fs/WindowsException'{0x00000000fff80e68}> (0x00000000fff80e68) 
thrown [s\src\hotspot\share\prims\jni.cpp, line 516]
Event: 874.228 Thread 0x00000260bc4240e0 Exception <a 'java/io/FileNotFoundException'{0x000000008419ca38}> (0x000000008419ca38) 
thrown [s\src\hotspot\share\prims\jni.cpp, line 516]
Event: 874.308 Thread 0x00000260bc4240e0 Exception <a 'java/io/IOException'{0x000000008408b6e0}> (0x000000008408b6e0) 
thrown [s\src\hotspot\share\prims\jni.cpp, line 516]
Event: 874.310 Thread 0x00000260bc4240e0 Exception <a 'java/io/IOException'{0x000000008408be08}> (0x000000008408be08) 
thrown [s\src\hotspot\share\prims\jni.cpp, line 516]
Event: 874.311 Thread 0x00000260bc4240e0 Exception <a 'java/io/IOException'{0x000000008408c520}> (0x000000008408c520) 
thrown [s\src\hotspot\share\prims\jni.cpp, line 516]
Event: 874.318 Thread 0x00000260bc4240e0 Exception <a 'java/io/IOException'{0x000000008408f4a0}> (0x000000008408f4a0) 
thrown [s\src\hotspot\share\prims\jni.cpp, line 516]
Event: 874.319 Thread 0x00000260bc4240e0 Exception <a 'java/io/IOException'{0x000000008408ff20}> (0x000000008408ff20) 
thrown [s\src\hotspot\share\prims\jni.cpp, line 516]
Event: 874.320 Thread 0x00000260bc4240e0 Exception <a 'java/io/IOException'{0x0000000084090a00}> (0x0000000084090a00) 
thrown [s\src\hotspot\share\prims\jni.cpp, line 516]
Event: 874.373 Thread 0x00000260bc4240e0 Exception <a 'java/io/FileNotFoundException'{0x0000000083f349d8}> (0x0000000083f349d8) 
thrown [s\src\hotspot\share\prims\jni.cpp, line 516]
Event: 875.324 Thread 0x00000260bc4240e0 Exception <a 'java/io/IOException'{0x000000008404d840}> (0x000000008404d840) 
thrown [s\src\hotspot\share\prims\jni.cpp, line 516]
Event: 888.308 Thread 0x00000260bfc64c70 Exception <a 'java/lang/NoSuchMethodError'{0x00000000897d26b0}: 'java.lang.Object java.lang.invoke.DirectMethodHandle$Holder.invokeStatic(java.lang.Object, java.lang.Object, java.lang.Object, int, int)'> (0x00000000897d26b0) 
thrown [s\src\hotspot\share\interpreter\linkResolver.cpp, line 804]
Event: 888.308 Thread 0x00000260bfc64c70 Exception <a 'java/lang/NoSuchMethodError'{0x00000000897da878}: 'java.lang.Object java.lang.invoke.DirectMethodHandle$Holder.invokeStaticInit(java.lang.Object, java.lang.Object, java.lang.Object, int, int)'> (0x00000000897da878) 
thrown [s\src\hotspot\share\interpreter\linkResolver.cpp, line 804]
Event: 888.545 Thread 0x00000260bca7eca0 Exception <a 'java/lang/NoSuchMethodError'{0x00000000885b7e40}: 'java.lang.Object java.lang.invoke.DirectMethodHandle$Holder.invokeSpecial(java.lang.Object, java.lang.Object, java.lang.Object, java.lang.Object, java.lang.Object, long)'> (0x00000000885b7e40) 
thrown [s\src\hotspot\share\interpreter\linkResolver.cpp, line 804]
Event: 888.545 Thread 0x00000260bca7eca0 Exception <a 'java/lang/NoSuchMethodError'{0x00000000885c06d8}: 'java.lang.Object java.lang.invoke.DirectMethodHandle$Holder.invokeSpecial(java.lang.Object, java.lang.Object, java.lang.Object, java.lang.Object, java.lang.Object, java.lang.Object, long)'> (0x00000000885c06d8) 
thrown [s\src\hotspot\share\interpreter\linkResolver.cpp, line 804]
Event: 888.546 Thread 0x00000260bca7eca0 Exception <a 'java/lang/NoSuchMethodError'{0x00000000885c8c90}: 'java.lang.Object java.lang.invoke.DelegatingMethodHandle$Holder.reinvoke_L(java.lang.Object, java.lang.Object, java.lang.Object, java.lang.Object, java.lang.Object, long)'> (0x00000000885c8c90) 
thrown [s\src\hotspot\share\interpreter\linkResolver.cpp, line 804]
Event: 888.548 Thread 0x00000260bca7eca0 Exception <a 'java/lang/NoSuchMethodError'{0x00000000885d91f8}: 'java.lang.Object java.lang.invoke.Invokers$Holder.linkToTargetMethod(java.lang.Object, java.lang.Object, java.lang.Object, long, java.lang.Object)'> (0x00000000885d91f8) 
thrown [s\src\hotspot\share\interpreter\linkResolver.cpp, line 804]

VM Operations (20 events):
Event: 87.580 Executing safepoint VM operation: G1CollectForAllocation (G1 Evacuation Pause)
Event: 87.605 Executing safepoint VM operation: G1CollectForAllocation (G1 Evacuation Pause) done
Event: 87.815 Executing safepoint VM operation: G1PauseRemark
Event: 87.834 Executing safepoint VM operation: G1PauseRemark done
Event: 87.923 Executing safepoint VM operation: G1PauseCleanup
Event: 87.923 Executing safepoint VM operation: G1PauseCleanup done
Event: 872.392 Executing safepoint VM operation: G1CollectFull (System.gc())
Event: 872.481 Executing safepoint VM operation: G1CollectFull (System.gc()) done
Event: 873.190 Executing safepoint VM operation: G1CollectForAllocation (G1 Evacuation Pause)
Event: 873.197 Executing safepoint VM operation: G1CollectForAllocation (G1 Evacuation Pause) done
Event: 873.421 Executing safepoint VM operation: G1PauseRemark
Event: 873.426 Executing safepoint VM operation: G1PauseRemark done
Event: 873.461 Executing safepoint VM operation: G1PauseCleanup
Event: 873.461 Executing safepoint VM operation: G1PauseCleanup done
Event: 874.882 Executing safepoint VM operation: G1CollectForAllocation (G1 Evacuation Pause)
Event: 874.932 Executing safepoint VM operation: G1CollectForAllocation (G1 Evacuation Pause) done
Event: 875.598 Executing safepoint VM operation: G1CollectForAllocation (G1 Evacuation Pause)
Event: 875.607 Executing safepoint VM operation: G1CollectForAllocation (G1 Evacuation Pause) done
Event: 888.639 Executing non-safepoint VM operation: HandshakeAllThreads (Deoptimize)
Event: 888.639 Executing non-safepoint VM operation: HandshakeAllThreads (Deoptimize) done

Memory protections (0 events):
No events

Nmethod flushes (20 events):
Event: 873.425 Thread 0x00000260b6d3d270 flushing  nmethod 0x00000260a39a5c88
Event: 873.425 Thread 0x00000260b6d3d270 flushing  nmethod 0x00000260aaca0788
Event: 873.425 Thread 0x00000260b6d3d270 flushing  nmethod 0x00000260aad52788
Event: 873.425 Thread 0x00000260b6d3d270 flushing  nmethod 0x00000260aae0ad08
Event: 873.425 Thread 0x00000260b6d3d270 flushing  nmethod 0x00000260a3185688
Event: 873.425 Thread 0x00000260b6d3d270 flushing  nmethod 0x00000260a32d8308
Event: 873.425 Thread 0x00000260b6d3d270 flushing  nmethod 0x00000260a35d5888
Event: 873.425 Thread 0x00000260b6d3d270 flushing  nmethod 0x00000260a3774b08
Event: 873.425 Thread 0x00000260b6d3d270 flushing  nmethod 0x00000260aac6d488
Event: 873.425 Thread 0x00000260b6d3d270 flushing  nmethod 0x00000260aae5f088
Event: 873.425 Thread 0x00000260b6d3d270 flushing  nmethod 0x00000260aae5f688
Event: 873.425 Thread 0x00000260b6d3d270 flushing  nmethod 0x00000260a32ee888
Event: 873.425 Thread 0x00000260b6d3d270 flushing  nmethod 0x00000260a3357208
Event: 873.425 Thread 0x00000260b6d3d270 flushing  nmethod 0x00000260a345de88
Event: 873.425 Thread 0x00000260b6d3d270 flushing  nmethod 0x00000260a3494e88
Event: 873.425 Thread 0x00000260b6d3d270 flushing  nmethod 0x00000260a3507188
Event: 873.425 Thread 0x00000260b6d3d270 flushing  nmethod 0x00000260a358ca08
Event: 873.425 Thread 0x00000260b6d3d270 flushing  nmethod 0x00000260a376c388
Event: 873.425 Thread 0x00000260b6d3d270 flushing  nmethod 0x00000260a38cb608
Event: 873.425 Thread 0x00000260b6d3d270 flushing  nmethod 0x00000260a3999788

Events (20 events):
Event: 874.375 Thread 0x00000260bc4240e0 Thread added: 0x00000260bc4267f0
Event: 874.830 Thread 0x00000260bc4240e0 Thread added: 0x00000260bc422970
Event: 874.960 Thread 0x00000260bc422970 Thread added: 0x00000260bca7d530
Event: 875.571 Thread 0x00000260bc4240e0 Thread added: 0x00000260bca7bdc0
Event: 875.597 Thread 0x00000260bc4240e0 Thread added: 0x00000260bca7fc40
Event: 875.597 Thread 0x00000260bc4240e0 Thread added: 0x00000260bca813b0
Event: 875.597 Thread 0x00000260bc4240e0 Thread added: 0x00000260bca7eca0
Event: 875.597 Thread 0x00000260bc4240e0 Thread added: 0x00000260bca832f0
Event: 875.598 Thread 0x00000260bc4240e0 Thread added: 0x00000260bca82350
Event: 875.598 Thread 0x00000260bc4240e0 Thread added: 0x00000260bca7e4d0
Event: 875.598 Thread 0x00000260bc4240e0 Thread added: 0x00000260bca7f470
Event: 875.598 Thread 0x00000260bc4240e0 Thread added: 0x00000260bbd8cea0
Event: 875.598 Thread 0x00000260bc4240e0 Thread added: 0x00000260bbd89020
Event: 875.598 Thread 0x00000260bc4240e0 Thread added: 0x00000260bbd86910
Event: 875.655 Thread 0x00000260bc4240e0 Thread added: 0x00000260bfc6a260
Event: 875.655 Thread 0x00000260bc4240e0 Thread added: 0x00000260bfc64c70
Event: 875.666 Thread 0x00000260bca81b80 Thread exited: 0x00000260bca81b80
Event: 875.666 Thread 0x00000260bc4240e0 Thread exited: 0x00000260bc4240e0
Event: 880.592 Thread 0x00000260bca7d530 Thread exited: 0x00000260bca7d530
Event: 880.779 Thread 0x00000260be5ff6d0 Thread exited: 0x00000260be5ff6d0


Dynamic libraries:
0x00007ff695c50000 - 0x00007ff695c5e000 	C:\Users\tela\Java\zulu25.36.15-ca-jdk25.0.4-win_x64\bin\javaw.exe
0x00007ffeb19f0000 - 0x00007ffeb1be9000 	C:\Windows\SYSTEM32\ntdll.dll
0x00007ffeb0b20000 - 0x00007ffeb0be2000 	C:\Windows\System32\KERNEL32.DLL
0x00007ffeaf2c0000 - 0x00007ffeaf5b7000 	C:\Windows\System32\KERNELBASE.dll
0x00007ffeaf060000 - 0x00007ffeaf160000 	C:\Windows\System32\ucrtbase.dll
0x00007ffe80400000 - 0x00007ffe8041e000 	C:\Users\tela\Java\zulu25.36.15-ca-jdk25.0.4-win_x64\bin\VCRUNTIME140.dll
0x00007ffe803e0000 - 0x00007ffe803f7000 	C:\Users\tela\Java\zulu25.36.15-ca-jdk25.0.4-win_x64\bin\jli.dll
0x00007ffeb1560000 - 0x00007ffeb16fd000 	C:\Windows\System32\USER32.dll
0x00007ffeaf200000 - 0x00007ffeaf222000 	C:\Windows\System32\win32u.dll
0x00007ffeb0a40000 - 0x00007ffeb0a6b000 	C:\Windows\System32\GDI32.dll
0x00007ffeaf670000 - 0x00007ffeaf78a000 	C:\Windows\System32\gdi32full.dll
0x00007ffeaf160000 - 0x00007ffeaf1fd000 	C:\Windows\System32\msvcp_win.dll
0x00007ffe9bc40000 - 0x00007ffe9bedb000 	C:\Windows\WinSxS\amd64_microsoft.windows.common-controls_6595b64144ccf1df_6.0.19041.7663_none_60b9ed0b71f50c93\COMCTL32.dll
0x00007ffeb14a0000 - 0x00007ffeb153e000 	C:\Windows\System32\msvcrt.dll
0x00007ffeaf9f0000 - 0x00007ffeafa1f000 	C:\Windows\System32\IMM32.DLL
0x00007ffe9a4d0000 - 0x00007ffe9a4dc000 	C:\Users\tela\Java\zulu25.36.15-ca-jdk25.0.4-win_x64\bin\vcruntime140_1.dll
0x00007ffe730d0000 - 0x00007ffe7315d000 	C:\Users\tela\Java\zulu25.36.15-ca-jdk25.0.4-win_x64\bin\msvcp140.dll
0x00007ffdf6410000 - 0x00007ffdf7349000 	C:\Users\tela\Java\zulu25.36.15-ca-jdk25.0.4-win_x64\bin\server\jvm.dll
0x00007ffeb0480000 - 0x00007ffeb0532000 	C:\Windows\System32\ADVAPI32.dll
0x00007ffeb0920000 - 0x00007ffeb09c0000 	C:\Windows\System32\sechost.dll
0x00007ffeb0220000 - 0x00007ffeb0346000 	C:\Windows\System32\RPCRT4.dll
0x00007ffeaf7e0000 - 0x00007ffeaf807000 	C:\Windows\System32\bcrypt.dll
0x00007ffeb09d0000 - 0x00007ffeb0a3b000 	C:\Windows\System32\WS2_32.dll
0x00007ffeaee00000 - 0x00007ffeaee4b000 	C:\Windows\SYSTEM32\POWRPROF.dll
0x00007ffe98020000 - 0x00007ffe98047000 	C:\Windows\SYSTEM32\WINMM.dll
0x00007ffea5600000 - 0x00007ffea560a000 	C:\Windows\SYSTEM32\VERSION.dll
0x00007ffeaede0000 - 0x00007ffeaedf2000 	C:\Windows\SYSTEM32\UMPDC.dll
0x00007ffead870000 - 0x00007ffead882000 	C:\Windows\SYSTEM32\kernel.appcore.dll
0x00007ffe9a270000 - 0x00007ffe9a27a000 	C:\Users\tela\Java\zulu25.36.15-ca-jdk25.0.4-win_x64\bin\jimage.dll
0x00007ffeacd90000 - 0x00007ffeacf91000 	C:\Windows\SYSTEM32\DBGHELP.DLL
0x00007ffe91e30000 - 0x00007ffe91e64000 	C:\Windows\SYSTEM32\dbgcore.DLL
0x00007ffeaf230000 - 0x00007ffeaf2b2000 	C:\Windows\System32\bcryptPrimitives.dll
0x00007ffe803c0000 - 0x00007ffe803de000 	C:\Users\tela\Java\zulu25.36.15-ca-jdk25.0.4-win_x64\bin\java.dll
0x00007ffeb0350000 - 0x00007ffeb047b000 	C:\Windows\System32\ole32.dll
0x00007ffeb05a0000 - 0x00007ffeb08f3000 	C:\Windows\System32\combase.dll
0x00007ffeafa20000 - 0x00007ffeb0191000 	C:\Windows\System32\SHELL32.dll
0x00007ffead0b0000 - 0x00007ffead85c000 	C:\Windows\SYSTEM32\windows.storage.dll
0x00007ffeaea10000 - 0x00007ffeaea3b000 	C:\Windows\SYSTEM32\Wldp.dll
0x00007ffeb1700000 - 0x00007ffeb17d6000 	C:\Windows\System32\OLEAUT32.dll
0x00007ffeb1900000 - 0x00007ffeb19ad000 	C:\Windows\System32\SHCORE.dll
0x00007ffeb0540000 - 0x00007ffeb059b000 	C:\Windows\System32\shlwapi.dll
0x00007ffeaef90000 - 0x00007ffeaefb5000 	C:\Windows\SYSTEM32\profapi.dll
0x00007ffe9a100000 - 0x00007ffe9a110000 	C:\Users\tela\Java\zulu25.36.15-ca-jdk25.0.4-win_x64\bin\net.dll
0x00007ffeae6e0000 - 0x00007ffeae74a000 	C:\Windows\system32\mswsock.dll
0x00007ffe803a0000 - 0x00007ffe803b6000 	C:\Users\tela\Java\zulu25.36.15-ca-jdk25.0.4-win_x64\bin\nio.dll
0x00007ffe80280000 - 0x00007ffe80296000 	C:\Users\tela\Java\zulu25.36.15-ca-jdk25.0.4-win_x64\bin\zip.dll
0x00007ffe96220000 - 0x00007ffe9622a000 	C:\Users\tela\Java\zulu25.36.15-ca-jdk25.0.4-win_x64\bin\management.dll
0x00007ffe90690000 - 0x00007ffe9069b000 	C:\Users\tela\Java\zulu25.36.15-ca-jdk25.0.4-win_x64\bin\management_ext.dll
0x00007ffeb0900000 - 0x00007ffeb0908000 	C:\Windows\System32\PSAPI.DLL
0x00007ffea5de0000 - 0x00007ffea5dee000 	C:\Users\tela\Java\zulu25.36.15-ca-jdk25.0.4-win_x64\bin\sunmscapi.dll
0x00007ffeaf810000 - 0x00007ffeaf96d000 	C:\Windows\System32\CRYPT32.dll
0x00007ffeaea80000 - 0x00007ffeaeaa7000 	C:\Windows\SYSTEM32\ncrypt.dll
0x00007ffeaea40000 - 0x00007ffeaea7b000 	C:\Windows\SYSTEM32\NTASN1.dll
0x00007ffeae970000 - 0x00007ffeae988000 	C:\Windows\SYSTEM32\CRYPTSP.dll
0x00007ffeae000000 - 0x00007ffeae038000 	C:\Windows\system32\rsaenh.dll
0x00007ffeaef00000 - 0x00007ffeaef2e000 	C:\Windows\SYSTEM32\USERENV.dll
0x00007ffeae960000 - 0x00007ffeae96c000 	C:\Windows\SYSTEM32\CRYPTBASE.dll
0x00007ffeae3c0000 - 0x00007ffeae3fb000 	C:\Windows\SYSTEM32\IPHLPAPI.DLL
0x00007ffeb09c0000 - 0x00007ffeb09c8000 	C:\Windows\System32\NSI.dll
0x00007ffeae400000 - 0x00007ffeae4cc000 	C:\Windows\SYSTEM32\DNSAPI.dll
0x0000000000230000 - 0x0000000000256000 	C:\Program Files\Bonjour\mdnsNSP.dll
0x00007ffea5ca0000 - 0x00007ffea5caa000 	C:\Windows\System32\rasadhlp.dll
0x00007ffe9b7f0000 - 0x00007ffe9b870000 	C:\Windows\System32\fwpuclnt.dll
0x00007ffea6970000 - 0x00007ffea6979000 	C:\Users\tela\Java\zulu25.36.15-ca-jdk25.0.4-win_x64\bin\extnet.dll
0x00007ffea6af0000 - 0x00007ffea6af7000 	C:\Windows\system32\wshunix.dll

JVMTI agents: none

dbghelp: loaded successfully - version: 4.0.5 - missing functions: none
symbol engine: initialized successfully - sym options: 0x614 - pdb path: .;C:\Users\tela\Java\zulu25.36.15-ca-jdk25.0.4-win_x64\bin;C:\Windows\SYSTEM32;C:\Windows\WinSxS\amd64_microsoft.windows.common-controls_6595b64144ccf1df_6.0.19041.7663_none_60b9ed0b71f50c93;C:\Users\tela\Java\zulu25.36.15-ca-jdk25.0.4-win_x64\bin\server;C:\Program Files\Bonjour

VM Arguments:
jvm_args: -Dfile.encoding=UTF-8 -Dstdout.encoding=UTF-8 -Dstderr.encoding=UTF-8 -XX:+ShowCodeDetailsInExceptionMessages 
java_command: ifrn.pi.eventos.EventosApplication
java_class_path (initial): C:\Users\tela\workspace\pi\eventos\target\classes;C:\Users\tela\.m2\repository\org\springframework\boot\spring-boot-starter-thymeleaf\4.1.1\spring-boot-starter-thymeleaf-4.1.1.jar;C:\Users\tela\.m2\repository\org\springframework\boot\spring-boot-starter\4.1.1\spring-boot-starter-4.1.1.jar;C:\Users\tela\.m2\repository\org\springframework\boot\spring-boot-starter-logging\4.1.1\spring-boot-starter-logging-4.1.1.jar;C:\Users\tela\.m2\repository\ch\qos\logback\logback-classic\1.5.38\logback-classic-1.5.38.jar;C:\Users\tela\.m2\repository\ch\qos\logback\logback-core\1.5.38\logback-core-1.5.38.jar;C:\Users\tela\.m2\repository\org\apache\logging\log4j\log4j-to-slf4j\2.25.5\log4j-to-slf4j-2.25.5.jar;C:\Users\tela\.m2\repository\org\apache\logging\log4j\log4j-api\2.25.5\log4j-api-2.25.5.jar;C:\Users\tela\.m2\repository\org\slf4j\jul-to-slf4j\2.0.18\jul-to-slf4j-2.0.18.jar;C:\Users\tela\.m2\repository\jakarta\annotation\jakarta.annotation-api\3.0.0\jakarta.annotation-api-3.0.0.jar;C:\Users\tela\.m2\repository\org\yaml\snakeyaml\2.6\snakeyaml-2.6.jar;C:\Users\tela\.m2\repository\org\springframework\boot\spring-boot-thymeleaf\4.1.1\spring-boot-thymeleaf-4.1.1.jar;C:\Users\tela\.m2\repository\org\thymeleaf\thymeleaf-spring6\3.1.5.RELEASE\thymeleaf-spring6-3.1.5.RELEASE.jar;C:\Users\tela\.m2\repository\org\thymeleaf\thymeleaf\3.1.5.RELEASE\thymeleaf-3.1.5.RELEASE.jar;C:\Users\tela\.m2\repository\org\attoparser\attoparser\2.0.7.RELEASE\attoparser-2.0.7.RELEASE.jar;C:\Users\tela\.m2\repository\org\unbescape\unbescape\1.1.6.RELEASE\unbescape-1.1.6.RELEASE.jar;C:\Users\tela\.m2\repository\org\slf4j\slf4j-api\2.0.18\slf4j-api-2.0.18.jar;C:\Users\tela\.m2\repository\org\springframework\spring-web\7.0.9\spring-web-7.0.9.jar;C:\Users\tela\.m2\repository\org\springframework\spring-beans\7.0.9\spring-beans-7.0.9.jar;C:\Users\tela\.m2\repository\io\micrometer\micrometer-observation\1.17.1\micrometer-observation-1.17.1.jar;C:\Users\tela\.m2\repository\io\micrometer\micrometer-commons\1.17.1\micrometer-commons-1.17.1.jar;C:\Users\tela\.m2\repository\org\springframework\boot\spring-boot-starter-webmvc\4.1.1\spring-boot-starter-webmvc-4.1.1.jar;C:\Users\tela\.m2\repository\org\springframework\boot\spring-boot-starter-jackson\4.1.1\spring-boot-starter-jackson-4.1.1.jar;C:\Users\tela\.m2\repository\org\springframework\boot\spring-boot-jackson\4.1.1\spring-boot-jackson-4.1.1.jar;C:\Users\tela\.m2\repository\tools\jackson\core\jackson-databind\3.1.5\jackson-databind-3.1.5.jar;C:\Users\tela\.m2\repository\com\fasterxml\jackson\core\jackson-annotations\2.21\jackson-annotations-2.21.jar;C:\Users\tela\.m2\repository\tools\jackson\core\jackson-core\3.1.5\jackson-core-3.1.5.jar;C:\Users\tela\.m2\repository\org\springframework\boot\spring-boot-starter-tomcat\4.1.1\spring-boot-starter-tomcat-4.1.1.jar;C:\Users\tela\.m2\repository\org\springframework\boot\spring-boot-starter-tomcat-runtime\4.1.1\spring-boot-starter-tomcat-runtime-4.1.1.jar;C:\Users\tela\.m2\repository\org\apache\tomcat\embed\tomcat-embed-core\11.0.24\tomcat-embed-core-11.0.24.jar;C:\Users\tela\.m2\repository\org\apache\tomcat\embed\tomcat-embed-el\11.0.24\tomcat-embed-el-11.0.24.jar;C:\Users\tela\.m2\repository\org\apache\tomcat\embed\tomcat-embed-websocket\11.0.24\tomcat-embed-websocket-11.0.24.jar;C:\Users\tela\.m2\repository\org\springframework\boot\spring-boot-tomcat\4.1.1\spring-boot-tomcat-4.1.1.jar;C:\Users\tela\.m2\repository\org\springframework\boot\spring-boot-http-converter\4.1.1\spring-boot-http-converter-4.1.1.jar;C:\Users\tela\.m2\repository\org\springframework\boot\spring-boot-webmvc\4.1.1\spring-boot-webmvc-4.1.1.jar;C:\Users\tela\.m2\repository\org\springframework\boot\spring-boot-servlet\4.1.1\spring-boot-servlet-4.1.1.jar;C:\Users\tela\.m2\repository\org\springframework\spring-webmvc\7.0.9\spring-webmvc-7.0.9.jar;C:\Users\tela\.m2\repository\org\springframework\spring-aop\7.0.9\spring-aop-7.0.9.jar;C:\Users\tela\.m2\repository\org\springframework\spring-expression\7.0.9\spring-expression-7.0.9.jar;C:\Users\tela\.m2\repository\org\springframework\boot\spring-boot-devtools\4.1.1\spring-boot-devtools-4.1.1.jar;C:\Users\tela\.m2\repository\org\springframework\boot\spring-boot\4.1.1\spring-boot-4.1.1.jar;C:\Users\tela\.m2\repository\org\springframework\spring-core\7.0.9\spring-core-7.0.9.jar;C:\Users\tela\.m2\repository\commons-logging\commons-logging\1.3.6\commons-logging-1.3.6.jar;C:\Users\tela\.m2\repository\org\jspecify\jspecify\1.0.1\jspecify-1.0.1.jar;C:\Users\tela\.m2\repository\org\springframework\spring-context\7.0.9\spring-context-7.0.9.jar;C:\Users\tela\.m2\repository\org\springframework\boot\spring-boot-autoconfigure\4.1.1\spring-boot-autoconfigure-4.1.1.jar;C:\Users\tela\.m2\repository\jakarta\xml\bind\jakarta.xml.bind-api\4.0.5\jakarta.xml.bind-api-4.0.5.jar;C:\Users\tela\.m2\repository\jakarta\activation\jakarta.activation-api\2.1.4\jakarta.activation-api-2.1.4.jar;C:\Users\tela\.m2\repository\net\bytebuddy\byte-buddy\1.18.11\byte-buddy-1.18.11.jar;C:\Users\tela\.m2\repository\org\springframework\boot\spring-boot-web-server\4.1.1\spring-boot-web-server-4.1.1.jar;C:\Users\tela\.m2\repository\org\springframework\boot\spring-boot-starter-data-jpa\4.1.1\spring-boot-starter-data-jpa-4.1.1.jar;C:\Users\tela\.m2\repository\org\springframework\boot\spring-boot-starter-jdbc\4.1.1\spring-boot-starter-jdbc-4.1.1.jar;C:\Users\tela\.m2\repository\com\zaxxer\HikariCP\7.0.2\HikariCP-7.0.2.jar;C:\Users\tela\.m2\repository\org\springframework\boot\spring-boot-data-jpa\4.1.1\spring-boot-data-jpa-4.1.1.jar;C:\Users\tela\.m2\repository\org\springframework\boot\spring-boot-data-commons\4.1.1\spring-boot-data-commons-4.1.1.jar;C:\Users\tela\.m2\repository\org\springframework\boot\spring-boot-persistence\4.1.1\spring-boot-persistence-4.1.1.jar;C:\Users\tela\.m2\repository\org\springframework\data\spring-data-commons\4.1.1\spring-data-commons-4.1.1.jar;C:\Users\tela\.m2\repository\org\springframework\boot\spring-boot-hibernate\4.1.1\spring-boot-hibernate-4.1.1.jar;C:\Users\tela\.m2\repository\org\springframework\boot\spring-boot-jpa\4.1.1\spring-boot-jpa-4.1.1.jar;C:\Users\tela\.m2\repository\jakarta\persistence\jakarta.persistence-api\3.2.0\jakarta.persistence-api-3.2.0.jar;C:\Users\tela\.m2\repository\org\hibernate\orm\hibernate-core\7.4.5.Final\hibernate-core-7.4.5.Final.jar;C:\Users\tela\.m2\repository\jakarta\transaction\jakarta.transaction-api\2.0.1\jakarta.transaction-api-2.0.1.jar;C:\Users\tela\.m2\repository\org\jboss\logging\jboss-logging\3.6.3.Final\jboss-logging-3.6.3.Final.jar;C:\Users\tela\.m2\repository\org\hibernate\models\hibernate-models\1.1.1\hibernate-models-1.1.1.jar;C:\Users\tela\.m2\repository\org\glassfish\jaxb\jaxb-runtime\4.0.9\jaxb-runtime-4.0.9.jar;C:\Users\tela\.m2\repository\org\glassfish\jaxb\jaxb-core\4.0.9\jaxb-core-4.0.9.jar;C:\Users\tela\.m2\repository\org\eclipse\angus\angus-activation\2.0.3\angus-activation-2.0.3.jar;C:\Users\tela\.m2\repository\org\glassfish\jaxb\txw2\4.0.9\txw2-4.0.9.jar;C:\Users\tela\.m2\repository\com\sun\istack\istack-commons-runtime\4.1.2\istack-commons-runtime-4.1.2.jar;C:\Users\tela\.m2\repository\jakarta\inject\jakarta.inject-api\2.0.1\jakarta.inject-api-2.0.1.jar;C:\Users\tela\.m2\repository\org\springframework\spring-orm\7.0.9\spring-orm-7.0.9.jar;C:\Users\tela\.m2\repository\org\springframework\data\spring-data-jpa\4.1.1\spring-data-jpa-4.1.1.jar;C:\Users\tela\.m2\repository\org\springframework\spring-tx\7.0.9\spring-tx-7.0.9.jar;C:\Users\tela\.m2\repository\org\antlr\antlr4-runtime\4.13.2\antlr4-runtime-4.13.2.jar;C:\Users\tela\.m2\repository\org\springframework\spring-aspects\7.0.9\spring-aspects-7.0.9.jar;C:\Users\tela\.m2\repository\org\aspectj\aspectjweaver\1.9.25.1\aspectjweaver-1.9.25.1.jar;C:\Users\tela\.m2\repository\org\springframework\boot\spring-boot-jdbc\4.1.1\spring-boot-jdbc-4.1.1.jar;C:\Users\tela\.m2\repository\org\springframework\boot\spring-boot-sql\4.1.1\spring-boot-sql-4.1.1.jar;C:\Users\tela\.m2\repository\org\springframework\boot\spring-boot-transaction\4.1.1\spring-boot-transaction-4.1.1.jar;C:\Users\tela\.m2\repository\org\springframework\spring-jdbc\7.0.9\spring-jdbc-7.0.9.jar;C:\Users\tela\.m2\repository\com\mysql\mysql-connector-j\9.7.0\mysql-connector-j-9.7.0.jar
Launcher Type: SUN_STANDARD

[Global flags]
     intx CICompilerCount                          = 3                                         {product} {ergonomic}
     uint ConcGCThreads                            = 1                                         {product} {ergonomic}
     uint G1ConcRefinementThreads                  = 4                                         {product} {ergonomic}
   size_t G1HeapRegionSize                         = 1048576                                   {product} {ergonomic}
   size_t InitialHeapSize                          = 134217728                                 {product} {ergonomic}
   size_t MarkStackSize                            = 4194304                                   {product} {ergonomic}
   size_t MarkStackSizeMax                         = 536870912                                 {product} {ergonomic}
   size_t MaxHeapSize                              = 2122317824                                {product} {ergonomic}
   size_t MaxNewSize                               = 1272971264                                {product} {ergonomic}
   size_t MinHeapDeltaBytes                        = 1048576                                   {product} {ergonomic}
   size_t MinHeapSize                              = 8388608                                   {product} {ergonomic}
    uintx NonNMethodCodeHeapSize                   = 5898240                                {pd product} {ergonomic}
    uintx NonProfiledCodeHeapSize                  = 122945536                              {pd product} {ergonomic}
    uintx ProfiledCodeHeapSize                     = 122945536                              {pd product} {ergonomic}
    uintx ReservedCodeCacheSize                    = 251789312                              {pd product} {ergonomic}
     bool SegmentedCodeCache                       = true                                      {product} {ergonomic}
     bool ShowCodeDetailsInExceptionMessages       = true                                   {manageable} {command line}
   size_t SoftMaxHeapSize                          = 2122317824                             {manageable} {ergonomic}
     bool UseCompressedOops                        = true                           {product lp64_product} {ergonomic}
     bool UseG1GC                                  = true                                      {product} {ergonomic}
     bool UseLargePagesIndividualAllocation        = false                                  {pd product} {ergonomic}

Logging:
Log output configuration:
 #0: stdout all=warning uptime,level,tags foldmultilines=false
 #1: stderr all=off uptime,level,tags foldmultilines=false

Release file:
IMPLEMENTOR="Azul Systems, Inc." 
IMPLEMENTOR_VERSION="Zulu25.36+15-CA" 
JAVA_RUNTIME_VERSION="25.0.4+7-LTS" 
JAVA_VERSION="25.0.4" 
JAVA_VERSION_DATE="2026-07-21" 
LIBC="default" 
MODULES="java.base java.compiler java.datatransfer java.xml java.prefs java.desktop java.instrument java.logging java.management java.security.sasl java.naming java.rmi java.management.rmi java.net.http java.scripting java.security.jgss java.transaction.xa java.sql java.sql.rowset java.xml.crypto java.se java.smartcardio jdk.accessibility jdk.internal.jvmstat jdk.attach jdk.charsets jdk.internal.opt jdk.zipfs jdk.compiler jdk.crypto.cryptoki jdk.crypto.ec jdk.crypto.mscapi jdk.dynalink jdk.internal.ed jdk.editpad jdk.internal.vm.ci jdk.graal.compiler jdk.graal.compiler.management jdk.hotspot.agent jdk.httpserver jdk.incubator.vector jdk.internal.le jdk.internal.md jdk.jartool jdk.javadoc jdk.jcmd jdk.management jdk.management.agent jdk.jconsole jdk.jdeps jdk.jdwp.agent jdk.jdi jdk.jfr jdk.jlink jdk.jpackage jdk.jshell jdk.jsobject jdk.jstatd jdk.localedata jdk.management.jfr jdk.naming.dns jdk.naming.rmi jdk.net jdk.nio.mapmode jdk.sctp jdk.security.auth jdk.security.jgss jdk.unsupported jdk.unsupported.desktop jdk.xml.dom" 
OS_ARCH="x86_64" 
OS_NAME="Windows" 
SOURCE=".:git:9f5a367f7629" 

Environment Variables:
JAVA_HOME=C:\Users\tela\Java\zulu25.36.15-ca-jdk25.0.4-win_x64
PATH=C:/Users/tela/Downloads/eclipse//plugins/org.eclipse.justj.openjdk.hotspot.jre.full.win32.x86_64_21.0.11.v20260515-1531/jre/bin/server;C:/Users/tela/Downloads/eclipse//plugins/org.eclipse.justj.openjdk.hotspot.jre.full.win32.x86_64_21.0.11.v20260515-1531/jre/bin;C:\Users\tela\Java\zulu25.36.15-ca-jdk25.0.4-win_x64\bin;C:\Program Files (x86)\Common Files\Oracle\Java\java8path;C:\Program Files (x86)\Common Files\Oracle\Java\javapath;C:\Windows\system32;C:\Windows;C:\Windows\System32\Wbem;C:\Windows\System32\WindowsPowerShell\v1.0\;C:\Windows\System32\OpenSSH\;C:\Program Files\dotnet\;C:\workspaces\pi\Git\cmd;C:\Program Files\MySQL\MySQL Shell 8.0\bin\;C:\Users\tela\AppData\Local\Microsoft\WindowsApps;C:\Users\tela\AppData\Local\Programs\Microsoft VS Code\bin;C:\Users\tela\Downloads\eclipse;
USERNAME=JCanela
OS=Windows_NT
PROCESSOR_IDENTIFIER=Intel64 Family 6 Model 142 Stepping 10, GenuineIntel
TMP=C:\Users\tela\AppData\Local\Temp
TEMP=C:\Users\tela\AppData\Local\Temp




Compilation memory statistics disabled.

Periodic native trim disabled

---------------  S Y S T E M  ---------------

OS:
 Windows 10 , 64 bit Build 19041 (10.0.19041.7663)
OS uptime: 0 days 0:28 hours

CPU: total 4 (initial active 4) (2 cores per cpu, 2 threads per core) family 6 model 142 stepping 10 microcode 0xf4, cx8, cmov, fxsr, ht, mmx, 3dnowpref, sse, sse2, sse3, ssse3, sse4.1, sse4.2, popcnt, lzcnt, tsc, tscinvbit, avx, avx2, aes, erms, clmul, bmi1, bmi2, adx, fma, vzeroupper, clflush, clflushopt, rdtscp, f16c
Processor Information for the first 4 processors :
  Max Mhz: 2208, Current Mhz: 2208, Mhz Limit: 2208

Memory: 4k page, system-wide physical 8088M (795M free)
TotalPageFile size 8088M (AvailPageFile size 284M)
current process WorkingSet (physical memory assigned to process): 217M, peak: 251M
current process commit charge ("private bytes"): 262M, peak: 291M

vm_info: OpenJDK 64-Bit Server VM (25.0.4+7-LTS) for windows-amd64 JRE (25.0.4+7-LTS) (Zulu25.36+15-CA), built on 2026-07-03T22:32:29Z with MS VC++ 17.1 (VS2022)

END.
